storageunitid,code,sort_order,unitdesignate_trans,stratigraphy_age_trans,stratigraphy_group_trans,stratigraphy_form_trans,stratigraphy_member_trans,stratigraphy_bed,predominant_lithology_trans,geographic_area_trans,storage_unit_type_trans,lat,lon,description,depthmin,depthml,depthmax,pressure_analysis,areamin,areaml,areamax,areasource_trans,area_confidence_trans,grossthicknessmin,grossthicknessml,grossthicknessmax,grossthicknesssource_trans,grossthickness_confidence_trans,estimatereliefml,estimatereliefsource_trans,estimaterelief_confidence_trans,arealsandmin,arealsandml,arealsandmax,arealsandsource_trans,arealsand_confidence_trans,ntgmin,ntgml,ntgmax,ntgsource_trans,ntg_confidence_trans,porositymin,porosityml,porositymax,porositysource_trans,porosity_confidence_trans,diplengthwidthmin,diplengthwidthml,diplengthwidthmax,shape_factor,shallowestdepthmin,shallowestdepthml,shallowestdepthmax,shallowestdepth_source_trans,shallowestdepth_confidence_trans,meandepthmin,meandepthml,meandepthmax,depthsource_trans,depth_confidence_trans,formationtempmin,formationtempml,formationtempmax,formationtempsource_trans,formationtemp_confidence_trans,porepressuremin,porepressureml,porepressuremax,lithostaticpressuremin,lithostaticpressureml,lithostaticpressuremax,fracturepressuremin,fracturepressureml,fracturepressuremax,stressfield_trans,pressuresource_trans,pressure_confidence_trans,salinity,salinitysource_trans,salinity_confidence_trans,storagepermeabilitymin,storagepermeabilityml,storagepermeabilitymax,storagepermeabilitysource_trans,storagepermeability_confidence_trans,storageefficiencymin,storageefficiencyml,storageefficiencymax,extendabove800mtvdss_trans,irreducible_water_saturationmin,irreducible_water_saturationml,irreducible_water_saturationmax,co2endpoint_relpermeabilitymin,co2endpoint_relpermeabilityml,co2endpoint_relpermeabilitymax,sweep_efficiencymin,sweep_efficiencyml,sweep_efficiencymax,ave_gross_prod_rate_per_wellmin,ave_gross_prod_rate_per_wellml,ave_gross_prod_rate_per_wellmax,max_cum_prod_per_wellmin,max_cum_prod_per_wellml,max_cum_prod_per_wellmax,ave_water_prod_rate_per_wellmin,ave_water_prod_rate_per_wellml,ave_water_prod_rate_per_wellmax,lithostratigraphic_name_primary,lithostratigraphic_name_sec,fpc_failure_trans,fpc_confidence_trans,fpc_source_trans,sealreactivity_failure_trans,sealreactivity_confidence_trans,sealreactivity_source_trans,degradation_failure_trans,degradation_confidence_trans,degradation_source_trans,density_failure_trans,density_confidence_trans,density_source_trans,throwfault_failure_trans,throwfault_confidence_trans,throwfault_source_trans,verticalextent_failure_trans,verticalextent_confidence_trans,verticalextent_source_trans,isolation_failure_trans,isolation_severity_trans,isolation_confidence_trans,isolation_source_trans,structural,structural_failure_trans,structural_confidence_trans,structural_source_trans,ddf,ddf_failure_trans,ddf_confidence_trans,ddf_source_trans,dipdirection,dipdirection_failure_trans,dipdirection_confidence_trans,dipdirection_source_trans,dip,dip_failure_trans,dip_confidence_trans,dip_source_trans,rugosity_failure_trans,rugosity_confidence_trans,rugosity_source_trans,hydrodynamics_failure_trans,hydrodynamics_confidence_trans,hydrodynamics_source_trans,pssu_failure_trans,pssu_confidence_trans,pssu_source_trans,welldensity_likelihood_trans,welldensity_confidence_trans,welldensity_source_trans,vintage_likelihood_trans,vintage_confidence_trans,vintage_source_trans,mgc_failure_trans,mgc_confidence_trans,mgc_source_trans,mineralogical_trans,mi_failure_trans,mi_confidence_trans,mi_source_trans,risk_salinity_failure_trans,risk_salinity_confidence_trans,risk_salinity_source_trans,brine_trans,scv_failure_trans,scv_confidence_trans,scv_source_trans,sch_failure_trans,sch_confidence_trans,sch_source_trans,sfc_failure_trans,sfc_confidence_trans,sfc_source_trans,diagenesis_failure_trans,diagenesis_confidence_trans,diagenesis_source_trans,migration_failure_trans,migration_confidence_trans,migration_source_trans,devtype_trans,oilexport_trans,gasexport_trans,activeoilproduction,activemiscwells,misinjectionwells,miscwells,activegasproduction,activewaterinjection,activegasinjection,suspendedwells,abandonedwells,totalwells,wellsource_trans,gocgwc,owc,depthcrest,oilsaturation,oilcompressibility,oilgravity,oilspecificgravity,gasoilratio,gassaturation,gasgravity,fluidpvtsource_trans,fluidpvt_confidence_trans,stoiip,giip,cumoilproduction,cumwaterproduction,cumgasinjection,cumwaterinjection,hydrocarbonsource_trans,hydrocarbon_confidence_trans,cop,copsource_trans,cop_confidence_trans,reference_depth,virgin_reservoir_pressure,virgin_reservoir_temp,gas_compress_factor,oil_formation_vol,water_formation_vol,solution_gas_oil_ratio,condensate_gas_ratio,api_gas_condensate,cum_sales_gas,cum_fuelflare_gas,cum_condensate_prod,condensate_formation_vol,oil_viscosity_at_rev_cond,gas_viscosity_at_rev_cond,grv,porevolume,thicknessarea,codensity,coviscosity,hydrostatic,coheight,pressurecapacity,pvxefactor,initialporepressureatcentroid,finalporepressureatcentroid,finalmaxporepressureshallowest,averageporepressureatcentroid,formationtempatcentrioddepth,temperaturegradient,co2pressuregradientatstorage,formationwatercompress,fluidviscocity,aquifercapacity,rockcompressmin,rockcompressml,rockcompressmax,co2density_ref_depth_virgin_res,co2viscos_ref_depth_virgin_res,estimated_inj_rate_per_well,max_cum_inj_per_well,gas_formation_volume,cum_gas_production,gas_shrinkage_factor,hydrocarbon_storage_capacity,buoyant_trapping_capacity,mc_totalcompressibility,mc_pred_migration_velocity,mc_pore_space_util,mc_open_aquifer_cap,scaled_formation_area,initial_pore_pressure,max_pressure,lithostatic_pressure_centroid,fracture_pressure_centroid,pvmultcombineddev,PVMult_FullyConfined,totalCompressibility,mc_theoretical_capacity_p10,mc_theoretical_capacity_p50,mc_theoretical_capacity_p90,theoretical_capacity_inc_daugthers_p10,theoretical_capacity_inc_daugthers_p50,theoretical_capacity_inc_daugthers_p90,injmodelwellsrate2years10,injmodelpressrate2years10,injmodelwellsrate5years10,injmodelpressrate5years10,injmodelwellsrate10years10,injmodelpressrate10years10,injmodelwellsrate15years10,injmodelpressrate15years10,injmodelwellsrate20years10,injmodelpressrate20years10,injmodelwellsrate40years10,injmodelpressrate40years10,injmodelwellsrate60years10,injmodelpressrate60years10,injmodelwellsrate2years20,injmodelpressrate2years20,injmodelwellsrate5years20,injmodelpressrate5years20,injmodelwellsrate10years20,injmodelpressrate10years20,injmodelwellsrate15years20,injmodelpressrate15years20,injmodelwellsrate20years20,injmodelpressrate20years20,injmodelwellsrate40years20,injmodelpressrate40years20,injmodelwellsrate60years20,injmodelpressrate60years20,injmodelwellsrate2years30,injmodelpressrate2years30,injmodelwellsrate5years30,injmodelpressrate5years30,injmodelwellsrate10years30,injmodelpressrate10years30,injmodelwellsrate15years30,injmodelpressrate15years30,injmodelwellsrate20years30,injmodelpressrate20years30,injmodelwellsrate40years30,injmodelpressrate40years30,injmodelwellsrate60years30,injmodelpressrate60years30,injmodelwellsrate2years40,injmodelpressrate2years40,injmodelwellsrate5years40,injmodelpressrate5years40,injmodelwellsrate10years40,injmodelpressrate10years40,injmodelwellsrate15years40,injmodelpressrate15years40,injmodelwellsrate20years40,injmodelpressrate20years40,injmodelwellsrate40years40,injmodelpressrate40years40,injmodelwellsrate60years40,injmodelpressrate60years40,injmodelwellsrate2years50,injmodelpressrate2years50,injmodelwellsrate5years50,injmodelpressrate5years50,injmodelwellsrate10years50,injmodelpressrate10years50,injmodelwellsrate15years50,injmodelpressrate15years50,injmodelwellsrate20years50,injmodelpressrate20years50,injmodelwellsrate40years50,injmodelpressrate40years50,injmodelwellsrate60years50,injmodelpressrate60years50,injmodelwellsrate2years60,injmodelpressrate2years60,injmodelwellsrate5years60,injmodelpressrate5years60,injmodelwellsrate10years60,injmodelpressrate10years60,injmodelwellsrate15years60,injmodelpressrate15years60,injmodelwellsrate20years60,injmodelpressrate20years60,injmodelwellsrate40years60,injmodelpressrate40years60,injmodelwellsrate60years60,injmodelpressrate60years60,injmodelwellsrate2years70,injmodelpressrate2years70,injmodelwellsrate5years70,injmodelpressrate5years70,injmodelwellsrate10years70,injmodelpressrate10years70,injmodelwellsrate15years70,injmodelpressrate15years70,injmodelwellsrate20years70,injmodelpressrate20years70,injmodelwellsrate40years70,injmodelpressrate40years70,injmodelwellsrate60years70,injmodelpressrate60years70,injmodelwellsrate2years80,injmodelpressrate2years80,injmodelwellsrate5years80,injmodelpressrate5years80,injmodelwellsrate10years80,injmodelpressrate10years80,injmodelwellsrate15years80,injmodelpressrate15years80,injmodelwellsrate20years80,injmodelpressrate20years80,injmodelwellsrate40years80,injmodelpressrate40years80,injmodelwellsrate60years80,injmodelpressrate60years80,injmodelwellsrate2years90,injmodelpressrate2years90,injmodelwellsrate5years90,injmodelpressrate5years90,injmodelwellsrate10years90,injmodelpressrate10years90,injmodelwellsrate15years90,injmodelpressrate15years90,injmodelwellsrate20years90,injmodelpressrate20years90,injmodelwellsrate40years90,injmodelpressrate40years90,injmodelwellsrate60years90,injmodelpressrate60years90,injmodelwellsrate2years100,injmodelpressrate2years100,injmodelwellsrate5years100,injmodelpressrate5years100,injmodelwellsrate10years100,injmodelpressrate10years100,injmodelwellsrate15years100,injmodelpressrate15years100,injmodelwellsrate20years100,injmodelpressrate20years100,injmodelwellsrate40years100,injmodelpressrate40years100,injmodelwellsrate60years100,injmodelpressrate60years100,
70,70.000,70000,Saline Aquifer,Triassic,Heron Group,Skagerrak Formation,Judy Sandstone Member,-,-,Central North Sea,Fully Confined (closed box),56.83,2.22,Judy_030_07,75,77.5,80,0,91.8,102,112.2,ARC GIS UNIT Shape F,Medium,94,235,376,Triassic  Permian & ,Medium,410.1,IHS Database,Medium,1,1,1,BGS Shapefiles,Medium,0.3,0.44,0.44,Jade Field  an innov,Medium,0.12,0.13,0.14,Jade Field  an innov,High,-,-,-,1,4220.25,4435.25,4438.25,IHS Database,Medium,4462.84,4962.84,5462.84,IHS Database,Low,167.66,176.53,185.41,The Millenium Atlas ,Medium,81.9,86,90.1,95.2,97.6,100,-,97.093125,99.860625,Not Selected,IHS Database,Medium,155.2,Judgement/Analogue,Medium,0.1,0.5,1,Jade Field  an innov,High,0.1,2,6,No,0.2,0.423,0.65,0.1,0.237,0.9,0.12,0.33,0.65,-,-,-,-,-,-,-,-,-,Julius Mudstone,Hod Formation,Medium,Medium,IHS Database,Medium,Medium,The Millenium Atlas ,Low,Medium,The Millenium Atlas ,Medium,Medium,Interpreted Horizons,Medium,Medium,Interpreted Horizons,Medium,Medium,Interpreted Horizons,Medium,Medium,Low,Integrated study of ,118,Low,Medium,The Millenium Atlas ,-,High,Medium,Jade Field  an innov,10,Unknown,Unknown,ARC GIS UNIT Shape F,12,High,High,The Millenium Atlas ,Low,Low,IHS Database,Unknown,Unknown,-,High,Medium,Hydrocarbon Shapefil,Low,High,IHS Database,High,High,IHS Database,High,High,Integrated study of ,Yes,Low,High,Integrated study of ,Unknown,Unknown,-,Not Selected,Medium,Medium,Jade Field  an innov,Medium,Low,Triassic  Permian & ,Medium,Low,Integrated study of ,Low,Low,Jade Field  an innov,Low,High,ARC GIS UNIT Shape F,-,-,-,0,0,0,0,0,0,0,0,2,2,IHS Database,-,-,-,-,-,-,-,-,-,-,-,Unknown,-,-,-,-,-,-,-,Unknown,-,-,Unknown,-,-,-,-,-,-,-,-,-,-,-,-,-,-,-,23970,1371.084,2.3039215686275,0.79391666805345,0.082657017832741,44.744782975,606.88276071246,1.9530887972922,-,91.310668181,92.694480681,87.3838125,92.002574431,196.57728993856,37.99785806888,7.7857025885997,0.00065611942986959,0.15755797756368,1.3838125,0.00038599495716648,0.00064047979288809,0.0011149047898224,-,-,-,-,-,-,-,-,-,-,-,-,-,102,86,87.3838125,109.20989436898,108.64272464348,20.3,-,-,5,2,0,5,2,0,-,-,-,-,-,-,-,-,-,-,-,-,-,-,-,-,-,-,-,-,-,-,-,-,-,-,-,-,-,-,-,-,-,-,-,-,-,-,-,-,-,-,-,-,-,-,-,-,-,-,-,-,-,-,-,-,-,-,-,-,-,-,-,-,-,-,-,-,-,-,-,-,-,-,-,-,-,-,-,-,-,-,-,-,-,-,-,-,-,-,-,-,-,-,-,-,-,-,-,-,-,-,-,-,-,-,-,-,-,-,-,-,-,-,-,-,-,-,-,-,-,-,-,-,-,-,-,-,-,-,-,-,-,-,-,-,-,-,-,-,
71,71.000,71000,Saline Aquifer,Triassic,Heron Group,Hopeman Sandstone Formation,-,-,-,Central North Sea,Open  no identified structural/ stratigraphic confinement,58.21,-2.66,Hopeman_012_24,40,58,76,0,2739.51,3043.87,3348.29,ARC GIS UNIT Shape F,Medium,95.12,108.73,122.34,IHS Database,High,2821,IHS Database,Medium,1,1,1,BGS Shapefiles,Medium,0.9,1,1,Triassic  Permian & ,Medium,0.06,0.15,0.23,Fault Related Quartz,Medium,-,-,-,1,800,800,800,IHS Database,Medium,1946.75,2155.75,2364.74,IHS Database,Medium,33.6,36,38.4,The Millenium Atlas ,Medium,8.1,8.1,8.1,15.5,16.1,16.8,9.6,12.8,18,Not Selected,Judgement/Analogue,Low,48156.98,Judgement/Analogue,Medium,0.2,5,125,The Auk Field  Block,Low,0.1,2,6,Yes,0.2,0.423,0.65,0.1,0.237,0.9,0.12,0.33,0.65,-,-,-,-,-,-,-,-,-,Smith Bank Formation,Skagerrak Formation,High,Low,Judgement/Analogue,Medium,Medium,https //www.og.decc.,Medium,Medium,https //www.og.decc.,Medium,Low,Interpreted Horizons,Medium,Low,Interpreted Horizons,Medium,Low,Interpreted Horizons,High,High,Medium,Compartmentalization,78,Medium,Medium,The Millenium Atlas ,-,Low,Medium,The Geology of Scotl,71,Medium,Medium,ARC GIS UNIT Shape F,3.7,Medium,Medium,The Millenium Atlas ,Low,Medium,IHS Database,Unknown,Unknown,-,Low,High,Hydrocarbon Shapefil,Low,High,IHS Database,High,High,IHS Database,Medium,High,Complex star dunes a,Yes,Low,Low,Judgement/Analogue,Unknown,Unknown,-,Not Selected,Low,Medium,Triassic  Permian & ,Low,Low,Triassic  Permian & ,High,High,Compartmentalization,Medium,High,Triassic  Permian & ,Low,High,ARC GIS UNIT Shape F,-,-,-,42,1,1,0,0,11,0,2,45,102,IHS Database,-,-,-,-,-,-,-,-,-,-,-,Unknown,-,-,-,-,-,-,-,Unknown,-,-,Unknown,-,-,-,-,-,-,-,-,-,-,-,-,-,-,-,330959.9851,49643.997765,0.035720973628966,0.60646782261969,0.052477191757346,8.15272,830.40909466678,-,602.14974461353,21.746843925,21.746843925,8.1,21.746843925,83.45125,35,5.9474479960845,0.00039081741677182,0.37892680629889,3.42,0.00036713844445579,0.00060139574818803,0.0010305200182975,-,-,-,-,-,-,-,-,-,-,2.1543013142509,0.6,180.64492338406,1980.0597819459,21.746843925,31.0428,43.38446875,34.492,20.3,0.92235699985035,0.00099221316495985,301,139,61,301,139,61,6,29.775195635801,13,30.877367706888,30,31.023239557053,58,31.034329500195,-,-,-,-,-,-,6,29.867992043843,16,30.730467872416,-,-,-,-,-,-,-,-,-,-,6,30.32513232137,20,30.998658617822,-,-,-,-,-,-,-,-,-,-,6,30.755044738891,-,-,-,-,-,-,-,-,-,-,-,-,7,30.340926924812,-,-,-,-,-,-,-,-,-,-,-,-,7,30.880277297372,-,-,-,-,-,-,-,-,-,-,-,-,8,30.799005310459,-,-,-,-,-,-,-,-,-,-,-,-,9,30.897726448853,-,-,-,-,-,-,-,-,-,-,-,-,11,30.807834126289,-,-,-,-,-,-,-,-,-,-,-,-,-,-,-,-,-,-,-,-,-,-,-,-,-,-,
72,72.000,72000,Saline Aquifer,Mid/Upper Jurassic,Fladen Group,Hugin Formation,-,-,-,Northern North Sea,Fully Confined (closed box),59.551775,1.778049,Hugin_009_14,115,122.24,125,0,223.68,248.53,273.38,ARC GIS UNIT Shape F,Medium,139,215.5,292,IHS Database,Low,1196.23,IHS Database,Medium,1,1,1,BGS Shapefiles,Medium,0.72,0.8,0.88,The Maureen Field  B,Medium,0.18,0.2,0.22,The Maureen Field  B,Medium,-,-,-,1,3330,3336,3339,IHS Database,Medium,3556.05,4061.87,4567.69,IHS Database,Low,90.1,101.8,113.4,The Millenium Atlas ,Low,63.69,66.19,68.69,69.44,71.22,73.01,56.56125,66.7212,75.1275,Not Selected,GPT Pressure Cells,High,0,IHS Database,High,5,75,150,The Maureen Field  B,Medium,0.1,2,6,No,0.2,0.423,0.65,0.1,0.237,0.9,0.12,0.33,0.65,-,-,-,-,-,-,-,-,-,Heather Formation,Macbeth Formation,Low,High,GPT Pressure Cells,High,High,IHS Database,Medium,High,IHS Database,Medium,Medium,Interpreted Horizons,Medium,Medium,Interpreted Horizons,Medium,Medium,Interpreted Horizons,Low,Low,High,GPT Pressure Cells,32,Medium,Medium,The Millenium Atlas ,-,Medium,Medium,The Maureen Field  B,270,Unknown,Unknown,ARC GIS UNIT Shape F,10,High,High,The Millenium Atlas ,Low,Low,IHS Database,Unknown,Unknown,no info,Medium,Low,Hydrocarbon Shapefil,Low,High,IHS Database,High,High,IHS Database,Medium,Medium,United Kingdom Oil a,Yes,Low,Low,Judgement/Analogue,Low,High,IHS Database,Not Selected,Low,Medium,Jurassic of the CNS/ NNS,Low,Medium,The Maureen Field  B,Low,Medium,United Kingdom Oil a,Low,Medium,The Maureen Field  B,High,High,ARC GIS UNIT Shape F,-,-,-,0,0,0,0,0,0,0,0,5,5,IHS Database,-,-,-,-,-,-,-,-,-,-,-,Unknown,-,-,-,-,-,-,-,Unknown,-,-,Unknown,-,-,-,-,-,-,-,-,-,-,-,-,-,-,-,53558.215,8569.3144,0.86709853941174,0.84230879535058,0.096367859644739,33.6798424,0,0,-,73.496534833,67.355614833,60.04908,70.426074833,122.20965407674,28.117505995204,8.2602696633645,0.00043674998006718,0.24046752419332,0,0.0003319718859348,0.00052989193460979,0.00087971121259128,-,-,-,-,-,-,-,-,-,-,-,-,-,248.53,66.19,60.04908,86.71654118705,81.238861104317,20.3,-,-,0,0,0,0,0,0,-,-,-,-,-,-,-,-,-,-,-,-,-,-,-,-,-,-,-,-,-,-,-,-,-,-,-,-,-,-,-,-,-,-,-,-,-,-,-,-,-,-,-,-,-,-,-,-,-,-,-,-,-,-,-,-,-,-,-,-,-,-,-,-,-,-,-,-,-,-,-,-,-,-,-,-,-,-,-,-,-,-,-,-,-,-,-,-,-,-,-,-,-,-,-,-,-,-,-,-,-,-,-,-,-,-,-,-,-,-,-,-,-,-,-,-,-,-,-,-,-,-,-,-,-,-,-,-,-,-,-,-,-,-,-,-,-,-,-,-,
73,73.000,73000,Saline Aquifer,Mid/Upper Jurassic,Humber Group,Kimmeridge Clay Formation,Burns Sandstone Member,-,-,Central North Sea,Open  no identified structural/ stratigraphic confinement,58.01053,-0.029115,Burns_015_26,114,127,134,0,291.99,324.43,356.87,ARC GIS UNIT Shape F,Medium,219.03,246.84,274.66,IHS Database,Low,193,IHS Database,Medium,1,1,1,BGS Shapefiles,Medium,0.63,0.7,0.77,Prospect 12/24A,Medium,0.1,0.15,0.2,Prospect 12/24A,Medium,-,-,-,1,2097,3901,5705,IHS Database,Medium,3867.65,4368.43,4869.2,IHS Database,Low,128,138.34,148.69,The Millenium Atlas ,Medium,39.3,41,42.7,84.2,86.4,88.5,32.980125,84.7033,128.3625,Not Selected,GPT Pressure Cells,High,96893.48,Judgement/Analogue,Medium,0,250,1000,Prospect 12/24A,Medium,0.1,2,6,No,0.2,0.423,0.65,0.1,0.237,0.9,0.12,0.33,0.65,-,-,-,-,-,-,-,-,-,Kimmeridgian Claystone,Cromer Knoll Group,Low,High,GPT Pressure Cells,Medium,High,IHS Database,Low,High,IHS Database,Medium,Low,Interpreted Horizons,Medium,Medium,Interpreted Horizons,Low,Medium,Interpreted Horizons,Low,Low,High,GPT Pressure Cells,78,Medium,Medium,The Millenium Atlas ,-,Medium,Medium,Petroleum Geology of,185,Unknown,Unknown,ARC GIS UNIT Shape F,8,Unknown,Unknown,The Millenium Atlas ,High,Medium,IHS Database,Unknown,Unknown,-,Low,Medium,Hydrocarbon Shapefil,Medium,High,IHS Database,Low,High,IHS Database,High,Low,North Sea Formation ,Yes,Unknown,Unknown,Judgement/Analogue,Unknown,Unknown,-,Not Selected,Medium,Low,Jurassic of the CNS/ NNS,Low,Low,Jurassic of the CNS/ NNS,Medium,Medium,Interpreted Horizons,Low,Low,Prospect 12/24A,Low,High,ARC GIS UNIT Shape F,-,-,-,2,0,2,0,0,0,0,2,14,20,IHS Database,-,-,-,-,-,-,-,-,-,-,-,Unknown,-,-,-,-,-,-,-,Unknown,-,-,Unknown,-,-,-,-,-,-,-,-,-,-,-,-,-,-,-,80082.3012,8408.641626,0.76084209228493,0.64618405606698,0.058141564583629,39.3670759,9448.4536134513,-,108.67060303805,45.705103637,45.705103637,41,45.705103637,153.9577457575,33.41194565496,6.3369331826321,0.00044054530812549,0.23796744732964,35.23297,0.00036713844445579,0.00060139574818803,0.0010305200182975,-,-,-,10,-,-,-,-,-,-,189.82191156487,0.6,32.601180911414,47.103240443571,45.705103637,85.367442485799,96.752717764676,94.852713873109,20.3,4.1325819235982,0.0010419410563135,47,28,12,47,28,12,4,49.327444835605,-,-,-,-,-,-,-,-,-,-,-,-,-,-,-,-,-,-,-,-,-,-,-,-,-,-,-,-,-,-,-,-,-,-,-,-,-,-,-,-,-,-,-,-,-,-,-,-,-,-,-,-,-,-,-,-,-,-,-,-,-,-,-,-,-,-,-,-,-,-,-,-,-,-,-,-,-,-,-,-,-,-,-,-,-,-,-,-,-,-,-,-,-,-,-,-,-,-,-,-,-,-,-,-,-,-,-,-,-,-,-,-,-,-,-,-,-,-,-,-,-,-,-,-,-,-,-,-,-,-,-,-,-,-,-,-,-,-,
74,74.000,74000,Saline Aquifer,Mid/Upper Jurassic,Humber Group,Kimmeridge Clay Formation,Burns Sandstone Member,-,-,Central North Sea,Open  with identified structural/ stratigraphic confinement,58.250281,-1.778705,Burns_013_21,39,89.63,136,0,8029.26,8921.38,9813.54,ARC GIS UNIT Shape F,Medium,230.35,262.38,294.4,IHS Database,High,2955,IHS Database,Medium,1,1,1,BGS Shapefiles,Medium,0.63,0.7,0.77,Prospect 12/24A,Medium,0.1,0.15,0.2,Prospect 12/24A,Medium,-,-,-,1,800,800,800,IHS Database,Medium,2477.86,2622.7,2767.55,IHS Database,Medium,29.6,34,38.4,The Millenium Atlas ,Medium,8.1,8.1,8.1,15.1,15.8,16.4,9.6,12.8,18,Not Selected,Judgement/Analogue,Low,46769.84,Judgement/Analogue,Medium,0,250,1000,Prospect 12/24A,Medium,0.1,2,6,Yes,0.2,0.423,0.65,0.1,0.237,0.9,0.12,0.33,0.65,-,-,-,-,-,-,-,-,-,Kimmeridgian Claystone,Cromer Knoll Group,High,Low,Judgement/Analogue,Medium,High,IHS Database,Medium,High,IHS Database,Medium,Medium,Interpreted Horizons,Medium,Low,Interpreted Horizons,Low,Medium,Interpreted Horizons,Medium,Low,Low,GPT Pressure Cells,78,Medium,Medium,The Millenium Atlas ,-,Medium,Medium,Petroleum Geology of,135,Low,Low,ARC GIS UNIT Shape F,2.5,Medium,Low,The Millenium Atlas ,High,Medium,IHS Database,Medium,Low,The Claymore Field  ,Low,Medium,Hydrocarbon Shapefil,Medium,High,IHS Database,Medium,High,IHS Database,High,High,United Kingdom Oil a,Yes,Medium,High,United Kingdom Oil a,Unknown,Unknown,-,Not Selected,Medium,Low,Jurassic of the CNS/ NNS,Low,Low,Jurassic of the CNS/ NNS,Medium,Medium,Interpreted Horizons,Low,Low,Prospect 12/24A,Low,High,ARC GIS UNIT Shape F,-,-,-,105,1,11,0,8,22,0,21,243,411,IHS Database,-,-,-,-,-,-,-,-,-,-,-,Unknown,-,-,-,-,-,-,-,Unknown,-,-,Unknown,-,-,-,-,-,-,-,-,-,-,-,-,-,-,-,2340791.6844,245783.126862,0.029410248190302,0.64079700084671,0.056763084388781,8.15272,904.33221494726,-,3149.9418110379,26.44711593,26.44711593,8.1,26.44711593,93.23775,32.5,6.2841039482034,0.00039544651798358,0.34005446135853,3.42,0.00036713844445579,0.00060139574818803,0.0010305200182975,-,-,-,10,-,-,-,-,-,-,61.802749524515,0.6,944.98254331138,4743.7246187166,26.44711593,37.76688,51.798325,41.9632,20.3,1.1284019268067,0.0009968422661716,1257,841,345,1281,837,394,2,26.87616166072,5,27.040522322982,10,27.338779411361,15,27.645426376045,20,27.955508330929,40,29.209180912873,60,30.471243371121,4,26.840611355825,10,27.209416335026,20,27.836252625998,30,28.467283855122,40,29.100032579346,80,31.637699857448,-,-,6,26.917373997653,15,27.481715814975,30,28.430393060937,45,29.381866932334,60,30.334485800464,-,-,-,-,8,27.020475362925,20,27.778127148665,40,29.046960787715,60,30.317891895842,80,31.589681751519,-,-,-,-,10,27.133721529394,25,28.083792535669,50,29.672108743048,75,31.262102925688,-,-,-,-,-,-,12,27.25190256207,30,28.39394741494,60,30.301409278268,90,32.210269454313,-,-,-,-,-,-,14,27.372842634458,35,28.706606834527,70,30.933021832444,-,-,-,-,-,-,-,-,16,27.495476000536,40,29.020800485683,80,31.566048292338,-,-,-,-,-,-,-,-,18,27.619220678791,45,29.335999407602,90,32.199999805762,-,-,-,-,-,-,-,-,20,27.743732622307,50,29.651891365792,-,-,-,-,-,-,-,-,-,-,
75,75.000,75000,Saline Aquifer,Mid/Upper Jurassic,Humber Group,Kimmeridge Clay Formation,Claymore Sandstone Member,-,-,Central North Sea,Fully Confined (closed box),58.240165,0.395298,Claymore_015_23,140,142.54,150,0,175.88,195.42,214.96,ARC GIS UNIT Shape F,Medium,82.5,173.63,286,Jurassic of the CNS/ NNS,Medium,1328,IHS Database,Medium,1,1,1,BGS Shapefiles,Medium,0.81,0.9,0.99,The Claymore Field  ,Medium,0.19,0.21,0.23,The Claymore Field  ,Medium,-,-,-,1,2582,2585,2588,IHS Database,Medium,3483.32,3744.32,4005.32,IHS Database,Medium,82.96,90.59,98.32,The Millenium Atlas ,Medium,46,46.7,47.4,52.8,54.2,55.5,42.25575,50.4245,58.23,Not Selected,GPT Pressure Cells,High,49542.78,Judgement/Analogue,Medium,10,650,1300,The Claymore Field  ,Medium,0.1,2,6,No,0.2,0.423,0.65,0.1,0.237,0.9,0.12,0.33,0.65,-,-,-,-,-,-,-,-,-,Kimmeridgian Claystone,Valhall Formation,High,High,GPT Pressure Cells,Medium,High,IHS Database,Low,High,IHS Database,Medium,Medium,Interpreted Horizons,Medium,Low,Interpreted Horizons,Medium,Medium,Interpreted Horizons,Low,Low,High,GPT Pressure Cells,-,Low,Medium,The Millenium Atlas ,180,High,Medium,The Claymore Field  ,210,Unknown,Unknown,ARC GIS UNIT Shape F,3.2,Medium,High,The Millenium Atlas ,Low,Medium,IHS Database,Medium,Low,The Claymore Field  ,Low,Medium,Hydrocarbon Shapefil,High,High,IHS Database,Low,High,IHS Database,Low,Medium,United Kingdom Oil a,Yes,Low,Low,Judgement/Analogue,Unknown,Unknown,-,Not Selected,Low,Medium,Jurassic of the CNS/ NNS,Low,Medium,The Claymore Field  ,Medium,Medium,Interpreted Horizons,Medium,Low,The Claymore Field  ,Low,High,ARC GIS UNIT Shape F,-,-,-,47,0,9,0,0,10,0,9,41,116,IHS Database,-,-,-,-,-,-,-,-,-,-,-,Unknown,-,-,-,-,-,-,-,Unknown,-,-,Unknown,-,-,-,-,-,-,-,-,-,-,-,-,-,-,-,33930.7746,6412.9163994,0.88849657148705,0.7831654976184,0.080880762750691,26.1203515,0,0,-,58.369599188,57.051649188,45.38205,57.710624188,127.62993764023,31.949709864603,7.6802690854944,0.00040970316804308,0.25786681415252,0,0.0003263510775674,0.00051863762240016,0.00085641844627952,-,-,-,-,-,-,-,-,-,-,-,-,-,195.42,46.7,45.38205,78.507599226306,73.038864154739,20.3,-,-,12,0,0,12,0,0,-,-,-,-,-,-,-,-,-,-,-,-,-,-,-,-,-,-,-,-,-,-,-,-,-,-,-,-,-,-,-,-,-,-,-,-,-,-,-,-,-,-,-,-,-,-,-,-,-,-,-,-,-,-,-,-,-,-,-,-,-,-,-,-,-,-,-,-,-,-,-,-,-,-,-,-,-,-,-,-,-,-,-,-,-,-,-,-,-,-,-,-,-,-,-,-,-,-,-,-,-,-,-,-,-,-,-,-,-,-,-,-,-,-,-,-,-,-,-,-,-,-,-,-,-,-,-,-,-,-,-,-,-,-,-,-,-,-,-,-,
76,76.000,76000,Saline Aquifer,Mid/Upper Jurassic,Humber Group,Kimmeridge Clay Formation,Claymore Sandstone Member,-,-,Central North Sea,Fully Confined (closed box),58.29602,0.005872,Claymore_014_25,135,138.33,143,0,151.79,168.65,185.52,ARC GIS UNIT Shape F,Medium,82.5,173.63,286,Jurassic of the CNS/ NNS,Medium,408,IHS Database,Medium,1,1,1,BGS Shapefiles,Medium,0.81,0.9,0.99,The Claymore Field  ,Medium,0.19,0.21,0.23,The Claymore Field  ,Medium,-,-,-,1,1742,3654,3657,IHS Database,Medium,3946.48,4010.48,4074.48,IHS Database,Medium,113.96,124.74,135.52,The Millenium Atlas ,Medium,48.8,50.6,52.3,78.4,80.4,82.4,26.19075,76.4782,82.2825,Not Selected,GPT Pressure Cells,High,74695.26,Judgement/Analogue,Medium,10,650,1300,The Claymore Field  ,Medium,0.1,2,6,No,0.2,0.423,0.65,0.1,0.237,0.9,0.12,0.33,0.65,-,-,-,-,-,-,-,-,-,Kimmeridgian Claystone,Valhall Formation,Low,High,GPT Pressure Cells,Medium,High,IHS Database,Low,High,IHS Database,Medium,Medium,Interpreted Horizons,Medium,Medium,Interpreted Horizons,Low,Medium,Interpreted Horizons,Low,Low,High,GPT Pressure Cells,-,Low,Medium,The Millenium Atlas ,180,High,Medium,The Claymore Field  ,181,Unknown,Unknown,ARC GIS UNIT Shape F,9.2,High,High,The Millenium Atlas ,Low,Medium,IHS Database,Medium,Low,The Claymore Field  ,Low,Medium,Hydrocarbon Shapefil,Medium,High,IHS Database,Medium,High,IHS Database,High,High,Petroleum Geology of,Yes,Low,High,Petroleum Geology of,Unknown,Unknown,-,Not Selected,Low,Medium,Jurassic of the CNS/ NNS,Low,Medium,The Claymore Field  ,Medium,Medium,Interpreted Horizons,Low,Low,The Claymore Field  ,Low,High,ARC GIS UNIT Shape F,-,-,-,0,0,0,0,0,0,0,2,12,14,IHS Database,-,-,-,-,-,-,-,-,-,-,-,Unknown,-,-,-,-,-,-,-,Unknown,-,-,Unknown,-,-,-,-,-,-,-,-,-,-,-,-,-,-,-,29282.6995,5534.4302055,1.0295286095464,0.83174112519719,0.08242572528347,36.8807986,9548.3794088189,76.156821578998,-,54.188292032,72.418672032,68.83038,63.303482032,136.12901893815,31.948549534756,8.1566356924713,0.00038887358798887,0.25840873176271,18.23038,0.0003263510775674,0.00051863762240016,0.00085641844627952,-,-,-,-,-,-,-,-,-,-,-,-,-,168.65,50.6,68.83038,88.243730706076,83.939324448823,20.3,-,-,91,33,0,91,33,0,4,55.423321188174,-,-,-,-,-,-,-,-,-,-,-,-,-,-,-,-,-,-,-,-,-,-,-,-,-,-,-,-,-,-,-,-,-,-,-,-,-,-,-,-,-,-,-,-,-,-,-,-,-,-,-,-,-,-,-,-,-,-,-,-,-,-,-,-,-,-,-,-,-,-,-,-,-,-,-,-,-,-,-,-,-,-,-,-,-,-,-,-,-,-,-,-,-,-,-,-,-,-,-,-,-,-,-,-,-,-,-,-,-,-,-,-,-,-,-,-,-,-,-,-,-,-,-,-,-,-,-,-,-,-,-,-,-,-,-,-,-,-,
77,77.000,77000,Saline Aquifer,Mid/Upper Jurassic,Humber Group,Kimmeridge Clay Formation,Claymore Sandstone Member,-,-,Central North Sea,Fully Confined (closed box),58.325783,0.365973,Claymore_015_22,142,146.2,152,0,125.92,139.91,153.9,ARC GIS UNIT Shape F,Medium,82.5,173.63,286,Jurassic of the CNS/ NNS,Medium,489,IHS Database,Low,1,1,1,BGS Shapefiles,Medium,0.81,0.9,0.99,The Claymore Field  ,Medium,0.19,0.21,0.23,The Claymore Field  ,Medium,-,-,-,1,3202,3205,3208,IHS Database,Low,3841.83,3986.32,4130.8,IHS Database,Low,104.15,110.56,116.97,The Millenium Atlas ,Low,56.4,58.1,59.8,66.9,68.7,70.4,54.11325,63.8785,72.18,Not Selected,GPT Pressure Cells,High,54499.83,Judgement/Analogue,Medium,10,650,1300,The Claymore Field  ,Medium,0.1,2,6,No,0.2,0.423,0.65,0.1,0.237,0.9,0.12,0.33,0.65,-,-,-,-,-,-,-,-,-,Kimmeridgian Claystone,Cromer Knoll Group,Low,High,GPT Pressure Cells,Medium,High,IHS Database,Low,High,IHS Database,Medium,Medium,Interpreted Horizons,Medium,Medium,Interpreted Horizons,Medium,Medium,Interpreted Horizons,Low,Low,High,GPT Pressure Cells,-,Low,Medium,The Millenium Atlas ,180,High,Medium,The Claymore Field  ,230,Low,High,ARC GIS UNIT Shape F,5.7,Medium,Unknown,The Millenium Atlas ,Low,Low,IHS Database,Medium,Low,The Claymore Field  ,Medium,Low,Hydrocarbon Shapefil,Medium,High,IHS Database,High,High,IHS Database,Low,High,United Kingdom Oil a,Yes,Low,Low,Judgement/Analogue,Unknown,Unknown,-,Not Selected,Low,Medium,Jurassic of the CNS/ NNS,Low,Medium,The Claymore Field  ,Medium,Medium,Interpreted Horizons,Low,Low,The Claymore Field  ,Low,High,ARC GIS UNIT Shape F,-,-,-,0,0,0,0,0,0,0,4,9,13,IHS Database,-,-,-,-,-,-,-,-,-,-,-,Unknown,-,-,-,-,-,-,-,Unknown,-,-,Unknown,-,-,-,-,-,-,-,-,-,-,-,-,-,-,-,24292.5733,4591.2963537,1.2410120791938,0.80425158554252,0.084960298403662,32.3612095,0,0,-,65.964688988,65.355338988,57.49065,65.660013988,135.56224,32,7.8870540239398,0.00041206063474091,0.24813735109191,0,0.0003263510775674,0.00051863762240016,0.00085641844627952,-,-,-,-,-,-,-,-,-,-,-,-,-,139.91,58.1,57.49065,85.447795319813,79.450902377535,20.3,-,-,12,0,0,12,0,0,-,-,-,-,-,-,-,-,-,-,-,-,-,-,-,-,-,-,-,-,-,-,-,-,-,-,-,-,-,-,-,-,-,-,-,-,-,-,-,-,-,-,-,-,-,-,-,-,-,-,-,-,-,-,-,-,-,-,-,-,-,-,-,-,-,-,-,-,-,-,-,-,-,-,-,-,-,-,-,-,-,-,-,-,-,-,-,-,-,-,-,-,-,-,-,-,-,-,-,-,-,-,-,-,-,-,-,-,-,-,-,-,-,-,-,-,-,-,-,-,-,-,-,-,-,-,-,-,-,-,-,-,-,-,-,-,-,-,-,-,
78,78.000,78000,Saline Aquifer,Mid/Upper Jurassic,Humber Group,Kimmeridge Clay Formation,Claymore Sandstone Member,-,-,Central North Sea,Fully Confined (closed box),58.37212,-0.018038,Claymore_014_20,128,137.59,144,0,165.28,183.64,202,ARC GIS UNIT Shape F,Medium,82.5,173.63,286,Jurassic of the CNS/ NNS,Medium,149,IHS Database,Medium,1,1,1,BGS Shapefiles,Medium,0.81,0.9,0.99,The Claymore Field  ,High,0.19,0.21,0.23,The Claymore Field  ,High,-,-,-,1,3981,3984,3987,IHS Database,Medium,3572.32,4072.32,4572.32,IHS Database,Medium,122.87,130.52,141.68,The Millenium Atlas ,Medium,40.1,41.8,43.6,87.7,89.9,92.2,69.011625,87.4672,89.7075,Not Selected,IHS Database,Medium,88899.85,Judgement/Analogue,Medium,10,650,1300,The Claymore Field  ,Medium,0.1,2,6,No,0.2,0.423,0.65,0.1,0.237,0.9,0.12,0.33,0.65,-,-,-,-,-,-,-,-,-,Kimmeridgian Claystone,Cromer Knoll Group,Low,Medium,GPT Pressure Cells,Medium,High,IHS Database,Low,High,IHS Database,Medium,Medium,Interpreted Horizons,Medium,Medium,Interpreted Horizons,Medium,Medium,Interpreted Horizons,Low,Low,High,GPT Pressure Cells,-,Low,Medium,The Millenium Atlas ,180,High,Medium,The Claymore Field  ,22,Unknown,Unknown,ARC GIS UNIT Shape F,7,Medium,Medium,The Millenium Atlas ,Medium,Medium,IHS Database,Medium,Medium,The Claymore Field  ,High,Medium,Hydrocarbon Shapefil,High,High,IHS Database,High,High,IHS Database,Low,Medium,United Kingdom Oil a,Yes,Low,Low,Judgement/Analogue,Unknown,Unknown,-,Not Selected,Low,Medium,Jurassic of the CNS/ NNS,Low,Medium,The Claymore Field  ,Medium,Medium,Interpreted Horizons,Low,Low,The Claymore Field  ,Low,High,ARC GIS UNIT Shape F,-,-,-,20,0,2,0,0,1,0,1,5,29,IHS Database,-,-,-,-,-,-,-,-,-,-,-,Unknown,-,-,-,-,-,-,-,Unknown,-,-,Unknown,-,-,-,-,-,-,-,-,-,-,-,-,-,-,-,31885.4132,6026.3430948,0.94549117839251,0.86351239243464,0.081672944190674,40.2025456,23108.619435742,169.69360414605,-,42.689020288,79.609500288,78.72048,61.149260288,133.2361060241,30.753012048193,8.4682069788888,0.0003645962316934,0.27211930569035,36.92048,0.0003263510775674,0.00051863762240016,0.00085641844627952,-,-,-,-,-,-,-,-,-,-,-,-,-,183.64,41.8,78.72048,91.892963855422,89.406231903614,20.3,-,-,230,151,100,230,151,100,2,46.224136434726,5,52.744105882477,-,-,-,-,-,-,-,-,-,-,2,50.571767217795,-,-,-,-,-,-,-,-,-,-,-,-,3,54.897931704212,-,-,-,-,-,-,-,-,-,-,-,-,10,59.21785237433,-,-,-,-,-,-,-,-,-,-,-,-,-,-,-,-,-,-,-,-,-,-,-,-,-,-,-,-,-,-,-,-,-,-,-,-,-,-,-,-,-,-,-,-,-,-,-,-,-,-,-,-,-,-,-,-,-,-,-,-,-,-,-,-,-,-,-,-,-,-,-,-,-,-,-,-,-,-,-,-,-,-,-,-,-,-,-,-,-,-,-,-,-,-,-,-,
80,80.000,80000,Saline Aquifer,Mid/Upper Jurassic,Humber Group,Fulmar Formation,-,-,-,Central North Sea,Fully Confined (closed box),56.091779,3.12894,Fulmar_031_26,68,70.67,72,0,152.3,169.22,186.14,ARC GIS UNIT Shape F,Medium,30.73,58.78,86.84,IHS Database,Medium,944,IHS Database,Medium,1,1,1,BGS Shapefiles,Medium,0.85,0.94,1.03,The Fulmar Field  Bl,Medium,0.17,0.23,0.28,The Fulmar Field  Bl,Medium,-,-,-,1,2544,2547,2550,IHS Database,Medium,2867.81,3008.39,3148.97,IHS Database,Medium,97.14,102.23,107.33,The Millenium Atlas ,Medium,37.7,39.4,41.2,51.9,53.2,54.6,41.529,49.5999,57.375,Not Selected,GPT Pressure Cells,High,175.6,Judgement/Analogue,Medium,10,500,2000,The Fulmar Field  Bl,Medium,0.1,2,6,No,0.2,0.423,0.65,0.1,0.237,0.9,0.12,0.33,0.65,-,-,-,-,-,-,-,-,-,Kimmeridgian Claystone,Cromer Knoll Group,Low,High,GPT Pressure Cells,Medium,High,IHS Database,Low,High,IHS Database,High,Medium,Interpreted Horizons,Medium,Medium,Interpreted Horizons,Medium,Medium,Interpreted Horizons,Medium,Low,High,GPT Pressure Cells,115,Medium,Medium,The Millenium Atlas ,-,Medium,Medium,The Fulmar Field  Bl,191,Unknown,Unknown,ARC GIS UNIT Shape F,2.8,Medium,Low,The Millenium Atlas ,Low,Medium,IHS Database,Unknown,Unknown,-,Medium,Medium,Hydrocarbon Shapefil,High,High,IHS Database,Low,High,IHS Database,Medium,High,United Kingdom Oil a,Yes,Low,Low,United Kingdom Oil a,Unknown,Unknown,-,Not Selected,Low,High,Jurassic of the CNS/ NNS,Low,High,The Fulmar Field  Bl,Medium,Medium,The Fulmar Field  Bl,Low,Medium,The Fulmar Field  Bl,High,High,ARC GIS UNIT Shape F,-,-,-,18,0,3,0,0,2,0,3,15,41,IHS Database,-,-,-,-,-,-,-,-,-,-,-,Unknown,-,-,-,-,-,-,-,Unknown,-,-,Unknown,-,-,-,-,-,-,-,-,-,-,-,-,-,-,-,9946.7516,2150.48769592,0.34735846826616,0.7613986206732,0.072785303737282,25.7378473,2016.0539543646,8.1818479227317,-,44.044305601,49.284215601,44.63991,46.664260601,119.29979964664,36.996466431095,7.4668078533559,0.00045533916912068,0.24130043658047,5.23991,0.00031612370376059,0.00049828780618077,0.00081462233874237,-,-,-,-,-,-,-,-,-,-,-,-,-,169.22,39.4,44.63991,62.837199842952,58.584940385159,20.3,-,-,14,7,1,28,21,15,-,-,-,-,-,-,-,-,-,-,-,-,-,-,-,-,-,-,-,-,-,-,-,-,-,-,-,-,-,-,-,-,-,-,-,-,-,-,-,-,-,-,-,-,-,-,-,-,-,-,-,-,-,-,-,-,-,-,-,-,-,-,-,-,-,-,-,-,-,-,-,-,-,-,-,-,-,-,-,-,-,-,-,-,-,-,-,-,-,-,-,-,-,-,-,-,-,-,-,-,-,-,-,-,-,-,-,-,-,-,-,-,-,-,-,-,-,-,-,-,-,-,-,-,-,-,-,-,-,-,-,-,-,-,-,-,-,-,-,-,
81,81.000,81000,Saline Aquifer,Mid/Upper Jurassic,Humber Group,Fulmar Formation,-,-,-,Central North Sea,Fully Confined (closed box),56.087968,2.61973,Fulmar_030_29,74,78.78,84,0,1840.59,2045.09,2249.61,ARC GIS UNIT Shape F,Medium,28.41,35.74,43.06,IHS Database,High,1552,IHS Database,Medium,1,1,1,BGS Shapefiles,Medium,0.85,0.94,1,The Fulmar Field  Bl,Medium,0.17,0.23,0.28,The Fulmar Field  Bl,Medium,-,-,-,1,2245,2248,2251,IHS Database,Medium,2789.64,2848.65,2907.66,IHS Database,Medium,86.68,94.54,102.41,The Millenium Atlas ,Medium,29.5,30.9,32.3,45.8,47,48.1,35.810625,43.1116,50.6475,Not Selected,GPT Pressure Cells,High,336.8,Judgement/Analogue,Medium,10,500,2000,The Fulmar Field  Bl,Medium,0.1,2,6,No,0.2,0.423,0.65,0.1,0.237,0.9,0.12,0.33,0.65,-,-,-,-,-,-,-,-,-,Heather Formation,Kimmeridgian Claystone,Medium,High,GPT Pressure Cells,Medium,High,IHS Database,Medium,High,IHS Database,High,High,Interpreted Horizons,Medium,Medium,Interpreted Horizons,Medium,Medium,Interpreted Horizons,Medium,Low,High,GPT Pressure Cells,115,Medium,Medium,The Millenium Atlas ,-,Medium,Medium,The Fulmar Field  Bl,204,Unknown,Unknown,ARC GIS UNIT Shape F,2,Medium,Low,The Millenium Atlas ,Low,Medium,IHS Database,Unknown,Unknown,-,Low,Medium,Hydrocarbon Shapefil,Low,High,IHS Database,High,High,IHS Database,Medium,Medium,United Kingdom Oil a,Yes,Low,Low,United Kingdom Oil a,Unknown,Unknown,-,Not Selected,Low,High,Jurassic of the CNS/ NNS,Low,High,The Fulmar Field  Bl,Medium,Medium,The Fulmar Field  Bl,Low,Medium,The Fulmar Field  Bl,High,High,ARC GIS UNIT Shape F,-,-,-,20,0,0,0,0,2,0,10,27,59,IHS Database,-,-,-,-,-,-,-,-,-,-,-,Unknown,-,-,-,-,-,-,-,Unknown,-,-,Unknown,-,-,-,-,-,-,-,-,-,-,-,-,-,-,-,73091.5166,15802.38588892,0.017476003501068,0.73740856517514,0.066503245370657,22.7281432,2787.3850729481,87.989135468993,-,36.946082835,44.846522835,38.80044,40.896302835,117.66288745552,38.496441281139,7.231544576103,0.00045746796864543,0.2435899612061,7.90044,0.00031612370376059,0.00049828780618077,0.00081462233874237,-,-,-,-,-,-,-,-,-,-,-,-,-,2045.09,30.9,38.80044,59.558073843416,54.630720346975,20.3,-,-,141,86,47,141,86,47,2,33.201930914879,4,35.973457966139,-,-,-,-,-,-,-,-,-,-,2,34.972701734291,-,-,-,-,-,-,-,-,-,-,-,-,2,36.753850746341,-,-,-,-,-,-,-,-,-,-,-,-,2,38.539248806735,-,-,-,-,-,-,-,-,-,-,-,-,-,-,-,-,-,-,-,-,-,-,-,-,-,-,-,-,-,-,-,-,-,-,-,-,-,-,-,-,-,-,-,-,-,-,-,-,-,-,-,-,-,-,-,-,-,-,-,-,-,-,-,-,-,-,-,-,-,-,-,-,-,-,-,-,-,-,-,-,-,-,-,-,-,-,-,-,-,-,-,-,-,-,-,-,
82,82.000,82000,Saline Aquifer,Mid/Upper Jurassic,Humber Group,Fulmar Formation,-,-,-,Central North Sea,Fully Confined (closed box),56.369865,2.355264,Fulmar_030_17,74,79.84,84,0,536.91,596.57,656.23,ARC GIS UNIT Shape F,Medium,133.13,150.43,167.74,IHS Database,High,1591,IHS Database,Medium,1,1,1,BGS Shapefiles,Medium,0.85,0.94,1,The Fulmar Field  Bl,High,0.17,0.23,0.28,The Fulmar Field  Bl,High,-,-,-,1,2248,2546,2549,IHS Database,Medium,3461.35,3545.57,3629.79,IHS Database,Medium,94.56,99.65,104.74,The Millenium Atlas ,Medium,30.8,32.5,34.2,51.2,52.5,53.8,35.868,49.5782,57.3525,Not Selected,GPT Pressure Cells,High,120.4,Judgement/Analogue,Medium,10,500,2000,The Fulmar Field  Bl,High,0.1,2,6,No,0.2,0.423,0.65,0.1,0.237,0.9,0.12,0.33,0.65,-,-,-,-,-,-,-,-,-,Kimmeridgian Claystone,Cromer Knoll Group,Low,High,GPT Pressure Cells,Medium,High,IHS Database,Low,High,IHS Database,Medium,Medium,Interpreted Horizons,Medium,Medium,Interpreted Horizons,Medium,Medium,Interpreted Horizons,Medium,Low,High,GPT Pressure Cells,115,Medium,Medium,The Millenium Atlas ,-,Medium,Medium,The Fulmar Field  Bl,184,Unknown,Unknown,ARC GIS UNIT Shape F,2.6,Medium,Unknown,The Millenium Atlas ,Low,Medium,IHS Database,Unknown,Unknown,-,High,High,Hydrocarbon Shapefil,High,High,IHS Database,Low,High,IHS Database,High,High,United Kingdom Oil a,Not Selected,Low,Low,United Kingdom Oil a,Unknown,Unknown,-,Not Selected,High,High,The Fulmar Field  Bl,Low,High,The Fulmar Field  Bl,Medium,Medium,The Fulmar Field  Bl,Low,Medium,The Fulmar Field  Bl,Low,High,ARC GIS UNIT Shape F,-,-,-,76,0,8,0,0,12,1,17,54,168,IHS Database,-,-,-,-,-,-,-,-,-,-,-,Unknown,-,-,-,-,-,-,-,Unknown,-,-,Unknown,-,-,-,-,-,-,-,-,-,-,-,-,-,-,-,89742.0251,19402.22582662,0.25215817087685,0.75116340774417,0.067734557171814,25.7277814,4489.9179527872,174.67912576834,-,42.561571663,54.681951663,44.62038,48.621761663,135.63216437549,35.997643362137,7.3664341907248,0.00049058126789548,0.21231364313925,12.12038,0.00031612370376059,0.00049828780618077,0.00081462233874237,-,-,-,-,-,-,-,-,-,-,-,-,-,596.57,32.5,44.62038,73.111714454046,69.042803838963,20.3,-,-,232,149,64,276,198,120,2,33.995590556387,4,36.093737993696,8,39.554324574472,14,43.002064572233,-,-,-,-,-,-,2,35.378559796334,4,39.557113022549,-,-,-,-,-,-,-,-,-,-,2,36.763505255258,5,42.999050459369,-,-,-,-,-,-,-,-,-,-,2,38.149259819416,-,-,-,-,-,-,-,-,-,-,-,-,2,39.535457728024,-,-,-,-,-,-,-,-,-,-,-,-,2,40.921936061477,-,-,-,-,-,-,-,-,-,-,-,-,2,42.308607913493,-,-,-,-,-,-,-,-,-,-,-,-,2,43.69542140877,-,-,-,-,-,-,-,-,-,-,-,-,-,-,-,-,-,-,-,-,-,-,-,-,-,-,-,-,-,-,-,-,-,-,-,-,-,-,-,-,
83,83.000,83000,Saline Aquifer,Mid/Upper Jurassic,Humber Group,Fulmar Formation,-,-,-,Central North Sea,Fully Confined (closed box),56.416866,2.645136,Fulmar_030_19,70,72.61,78,0,582.24,646.93,711.62,ARC GIS UNIT Shape F,Medium,17,26.5,36,IHS Database,Medium,413,IHS Database,Medium,1,1,1,BGS Shapefiles,Medium,0.85,0.94,1,The Fulmar Field  Bl,Medium,0.17,0.23,0.28,The Fulmar Field  Bl,Medium,-,-,-,1,3643,4353,4356,IHS Database,Medium,4480.66,4566.75,4652.84,IHS Database,Medium,147.29,169.06,190.82,The Millenium Atlas ,Medium,85.2,88.6,92.1,93.7,96.1,98.5,62.547375,95.2425,98.01,Not Selected,GPT Pressure Cells,High,105519.85,Judgement/Analogue,Medium,10,500,2000,The Fulmar Field  Bl,Medium,0.1,2,6,No,0.2,0.423,0.65,0.1,0.237,0.9,0.12,0.33,0.65,-,-,-,-,-,-,-,-,-,Heather Formation,Kimmeridgian Claystone,High,High,GPT Pressure Cells,Medium,High,IHS Database,Medium,High,IHS Database,High,Medium,Interpreted Horizons,Medium,Low,Interpreted Horizons,Medium,Medium,Interpreted Horizons,Medium,Low,High,GPT Pressure Cells,115,Medium,Medium,The Millenium Atlas ,-,Medium,Medium,The Fulmar Field  Bl,50,Unknown,Unknown,ARC GIS UNIT Shape F,9,High,Low,The Millenium Atlas ,Low,High,IHS Database,Unknown,Unknown,-,Medium,Low,Hydrocarbon Shapefil,Medium,High,IHS Database,Low,High,IHS Database,High,Medium,United Kingdom Oil a,Not Selected,Low,Low,United Kingdom Oil a,Unknown,Unknown,-,Not Selected,Low,High,Jurassic of the CNS/ NNS,Low,High,The Fulmar Field  Bl,Medium,Medium,The Fulmar Field  Bl,Low,Medium,The Fulmar Field  Bl,High,High,ARC GIS UNIT Shape F,-,-,-,5,2,0,0,0,0,0,2,19,28,IHS Database,-,-,-,-,-,-,-,-,-,-,-,Unknown,-,-,-,-,-,-,-,Unknown,-,-,Unknown,-,-,-,-,-,-,-,-,-,-,-,-,-,-,-,17143.645,3706.456049,0.040962700755878,0.8100364799573,0.087447247906548,43.9168627,0,0,-,90.751586125,87.869836125,85.71825,89.310711125,176.96870089593,36.999770273375,7.9437847479972,0.00043442064846795,0.22672675677379,0,0.00031612370376059,0.00049828780618077,0.00081462233874237,-,-,-,-,-,-,-,-,-,-,-,-,-,646.93,88.6,85.71825,100.8189007581,99.919294021365,20.3,-,-,0,0,0,0,0,0,-,-,-,-,-,-,-,-,-,-,-,-,-,-,-,-,-,-,-,-,-,-,-,-,-,-,-,-,-,-,-,-,-,-,-,-,-,-,-,-,-,-,-,-,-,-,-,-,-,-,-,-,-,-,-,-,-,-,-,-,-,-,-,-,-,-,-,-,-,-,-,-,-,-,-,-,-,-,-,-,-,-,-,-,-,-,-,-,-,-,-,-,-,-,-,-,-,-,-,-,-,-,-,-,-,-,-,-,-,-,-,-,-,-,-,-,-,-,-,-,-,-,-,-,-,-,-,-,-,-,-,-,-,-,-,-,-,-,-,-,
84,84.000,84000,Saline Aquifer,Mid/Upper Jurassic,Humber Group,Fulmar Formation,-,-,-,Central North Sea,Fully Confined (closed box),56.654972,2.38481,Fulmar_030_13,69,76.79,107,0,234.45,260.5,286.55,ARC GIS UNIT Shape F,Medium,23.21,35.8,48.39,IHS Database,Medium,675,IHS Database,Medium,1,1,1,BGS Shapefiles,Medium,0.85,0.94,1,The Fulmar Field  Bl,Medium,0.17,0.23,0.28,The Fulmar Field  Bl,Medium,-,-,-,1,3508,3511,3514,IHS Database,Medium,3768.95,3858.04,3947.13,IHS Database,Medium,141.41,148.44,155.46,The Millenium Atlas ,Medium,59.5,61.2,62.9,73,74.8,76.7,59.9655,71.7163,79.065,Not Selected,GPT Pressure Cells,High,235.5,Judgement/Analogue,Medium,10,500,2000,The Fulmar Field  Bl,Medium,0.1,2,6,No,0.2,0.423,0.65,0.1,0.237,0.9,0.12,0.33,0.65,-,-,-,-,-,-,-,-,-,Heather Formation,Kimmeridgian Claystone,Low,High,GPT Pressure Cells,Medium,High,IHS Database,Medium,High,IHS Database,Medium,Medium,Interpreted Horizons,Medium,Low,Interpreted Horizons,Medium,Medium,Interpreted Horizons,Medium,Low,High,GPT Pressure Cells,115,Medium,Medium,The Millenium Atlas ,-,Medium,Medium,The Fulmar Field  Bl,60,Low,Low,ARC GIS UNIT Shape F,8,Medium,Low,The Millenium Atlas ,Low,Medium,IHS Database,Unknown,Unknown,-,High,Low,Hydrocarbon Shapefil,High,High,IHS Database,Low,High,IHS Database,High,High,United Kingdom Oil a,Not Selected,Low,Low,United Kingdom Oil a,Unknown,Unknown,-,Not Selected,Low,High,Jurassic of the CNS/ NNS,Low,High,The Fulmar Field  Bl,Medium,Medium,Judy Field  rejuvena,Low,Medium,The Fulmar Field  Bl,High,High,ARC GIS UNIT Shape F,-,-,-,11,1,1,0,19,0,1,4,34,71,IHS Database,-,-,-,-,-,-,-,-,-,-,-,Unknown,-,-,-,-,-,-,-,Unknown,-,-,Unknown,-,-,-,-,-,-,-,-,-,-,-,-,-,-,-,9325.9,2016.25958,0.13742802303263,0.75966233548315,0.07461133214624,35.4413749,1278.4852375053,5.4064360396294,-,64.693269936,68.037939936,64.54467,66.365604936,162.3216,40,7.4497806253826,0.00055704820165668,0.18153944302224,3.34467,0.00031612370376059,0.00049828780618077,0.00081462233874237,-,-,-,-,-,-,-,-,-,-,-,-,-,260.5,61.2,64.54467,82.193503845058,78.804999729991,20.3,-,-,10,3,0,10,3,0,-,-,-,-,-,-,-,-,-,-,-,-,-,-,-,-,-,-,-,-,-,-,-,-,-,-,-,-,-,-,-,-,-,-,-,-,-,-,-,-,-,-,-,-,-,-,-,-,-,-,-,-,-,-,-,-,-,-,-,-,-,-,-,-,-,-,-,-,-,-,-,-,-,-,-,-,-,-,-,-,-,-,-,-,-,-,-,-,-,-,-,-,-,-,-,-,-,-,-,-,-,-,-,-,-,-,-,-,-,-,-,-,-,-,-,-,-,-,-,-,-,-,-,-,-,-,-,-,-,-,-,-,-,-,-,-,-,-,-,-,
85,85.000,85000,Saline Aquifer,Mid/Upper Jurassic,Humber Group,Fulmar Formation,-,-,-,Central North Sea,Fully Confined (closed box),56.707091,2.46352,Fulmar_030_08,71,72.4,73,0,141.05,156.72,172.39,ARC GIS UNIT Shape F,Medium,103.51,150.33,197.16,IHS Database,Low,625,IHS Database,Low,1,1,1,BGS Shapefiles,Medium,0.85,0.94,1,The Fulmar Field  Bl,Medium,0.17,0.23,0.28,The Fulmar Field  Bl,Medium,-,-,-,1,3538,4163,4166,IHS Database,Low,3703.98,4206.17,4708.35,IHS Database,Low,134.48,145.1,155.72,The Millenium Atlas ,Low,71.2,72.9,74.7,88.3,90.5,92.8,60.53925,90.9675,93.735,Not Selected,GPT Pressure Cells,High,70127.39,Judgement/Analogue,Medium,10,500,2000,The Fulmar Field  Bl,Medium,0.1,2,6,No,0.2,0.423,0.65,0.1,0.237,0.9,0.12,0.33,0.65,-,-,-,-,-,-,-,-,-,Heather Formation,Kimmeridgian Claystone,Low,High,GPT Pressure Cells,Medium,High,IHS Database,Medium,High,IHS Database,Medium,Low,Interpreted Horizons,Medium,Low,Interpreted Horizons,Medium,Medium,Interpreted Horizons,Medium,Low,High,GPT Pressure Cells,115,High,Medium,The Millenium Atlas ,-,Medium,Medium,The Fulmar Field  Bl,31,Low,High,IHS Database,11,High,High,The Millenium Atlas ,Low,Low,IHS Database,Unknown,Unknown,-,Low,High,Hydrocarbon Shapefil,Low,High,IHS Database,Medium,High,IHS Database,High,Medium,United Kingdom Oil a,Not Selected,Low,Low,United Kingdom Oil a,Unknown,Unknown,-,Not Selected,Low,High,Jurassic of the CNS/ NNS,Low,High,The Fulmar Field  Bl,Medium,Low,Judy Field  rejuvena,Low,Medium,The Fulmar Field  Bl,High,High,ARC GIS UNIT Shape F,-,-,-,0,0,0,0,0,0,0,2,3,5,IHS Database,-,-,-,-,-,-,-,-,-,-,-,Unknown,-,-,-,-,-,-,-,Unknown,-,-,Unknown,-,-,-,-,-,-,-,-,-,-,-,-,-,-,-,23559.7176,5093.61094512,0.95922664624809,0.84497666232538,0.090610960173518,42.0043417,4804.8085429447,33.172858105502,-,73.334544903,81.884544903,81.45,77.609544903,146.52171679078,32.932981023301,8.2864326344263,0.00040317184362896,0.24237869653071,8.55,0.00031612370376059,0.00049828780618077,0.00081462233874237,-,-,-,-,-,-,-,-,-,-,-,-,-,156.72,72.9,81.45,91.43847826087,91.910826201057,20.3,-,-,33,7,0,33,7,0,-,-,-,-,-,-,-,-,-,-,-,-,-,-,-,-,-,-,-,-,-,-,-,-,-,-,-,-,-,-,-,-,-,-,-,-,-,-,-,-,-,-,-,-,-,-,-,-,-,-,-,-,-,-,-,-,-,-,-,-,-,-,-,-,-,-,-,-,-,-,-,-,-,-,-,-,-,-,-,-,-,-,-,-,-,-,-,-,-,-,-,-,-,-,-,-,-,-,-,-,-,-,-,-,-,-,-,-,-,-,-,-,-,-,-,-,-,-,-,-,-,-,-,-,-,-,-,-,-,-,-,-,-,-,-,-,-,-,-,-,
86,86.000,86000,Saline Aquifer,Mid/Upper Jurassic,Humber Group,Fulmar Formation,-,-,-,Central North Sea,Fully Confined (closed box),56.618094,1.616747,Fulmar_029_14,87,96.78,116,0,578.65,642.94,707.23,ARC GIS UNIT Shape F,Medium,78.06,94.43,110.8,IHS Database,Medium,1212,IHS Database,Medium,1,1,1,BGS Shapefiles,Medium,0.4,0.79,0.96,The Curlew Field  Bl,High,0.05,0.18,0.27,The Curlew Field  Bl,High,-,-,-,1,2149,2886,2889,IHS Database,Medium,3317.08,3441.91,3566.75,IHS Database,Medium,109.01,117.66,126.32,The Millenium Atlas ,Medium,44.6,46.3,48,58.8,60.3,61.8,33.974625,56.9562,65.0025,Not Selected,GPT Pressure Cells,High,129333.07,Judgement/Analogue,Medium,0.001,306.6,8000,The Curlew Field  Bl,High,0.1,2,6,No,0.2,0.423,0.65,0.1,0.237,0.9,0.12,0.33,0.65,-,-,-,-,-,-,-,-,-,Kimmeridgian Claystone,Valhall Formation,Medium,High,GPT Pressure Cells,Medium,High,IHS Database,Low,High,IHS Database,Medium,Medium,Interpreted Horizons,Medium,Low,Interpreted Horizons,Low,Medium,Interpreted Horizons,Medium,Low,High,GPT Pressure Cells,115,Medium,Medium,The Millenium Atlas ,-,Medium,Medium,The Fulmar Field  Bl,34,Unknown,Unknown,ARC GIS UNIT Shape F,5.7,High,Low,The Millenium Atlas ,Low,Medium,IHS Database,Medium,Medium,The Curlew Field  Bl,High,Medium,Hydrocarbon Shapefil,Low,High,IHS Database,Medium,High,IHS Database,High,Medium,United Kingdom Oil a,Not Selected,Low,Low,United Kingdom Oil a,Unknown,Unknown,-,Not Selected,Low,High,Jurassic of the CNS/ NNS,Low,High,The Curlew Field  Bl,Medium,Medium,The Curlew Field  Bl,Medium,Medium,The Curlew Field  Bl,Low,High,ARC GIS UNIT Shape F,-,-,-,6,0,0,0,0,0,0,0,17,23,IHS Database,-,-,-,-,-,-,-,-,-,-,-,Unknown,-,-,-,-,-,-,-,Unknown,-,-,Unknown,-,-,-,-,-,-,-,-,-,-,-,-,-,-,-,60712.8242,8633.36360124,0.1468721809189,0.75531258360023,0.072471631156181,29.1501874,1865.7381587565,30.053711155362,-,51.895734469,56.856314469,51.26058,54.376024469,138.78303901594,37.997227997228,7.4071239135924,0.00037405707943726,0.28800922280953,4.96058,0.00034444225783359,0.00055503530019744,0.00093219495287477,-,-,-,-,-,-,-,-,-,-,-,-,-,642.94,46.3,51.26058,71.915167359667,67.927274546778,20.3,-,-,38,6,0,56,35,14,6,49.721470925514,-,-,-,-,-,-,-,-,-,-,-,-,-,-,-,-,-,-,-,-,-,-,-,-,-,-,-,-,-,-,-,-,-,-,-,-,-,-,-,-,-,-,-,-,-,-,-,-,-,-,-,-,-,-,-,-,-,-,-,-,-,-,-,-,-,-,-,-,-,-,-,-,-,-,-,-,-,-,-,-,-,-,-,-,-,-,-,-,-,-,-,-,-,-,-,-,-,-,-,-,-,-,-,-,-,-,-,-,-,-,-,-,-,-,-,-,-,-,-,-,-,-,-,-,-,-,-,-,-,-,-,-,-,-,-,-,-,-,
87,87.000,87000,Saline Aquifer,Mid/Upper Jurassic,Humber Group,Fulmar Formation,-,-,-,Central North Sea,Fully Confined (closed box),56.707768,1.71135,Fulmar_029_09,87,95.8,100,0,493.34,548.15,602.97,ARC GIS UNIT Shape F,Medium,27.28,34.2,41.12,IHS Database,Medium,1122,IHS Database,Medium,1,1,1,BGS Shapefiles,Medium,0.4,0.79,0.96,The Curlew Field  Bl,Medium,0.05,0.18,0.27,The Curlew Field  Bl,Medium,-,-,-,1,2886,3625,3628,IHS Database,Medium,3963.7,4147.3,4330.9,IHS Database,Medium,145.75,151.18,156.62,The Millenium Atlas ,Medium,69.2,71,72.7,76.3,78.3,80.2,48.06975,75.5125,81.63,Not Selected,GPT Pressure Cells,High,77980.15,Judgement/Analogue,Medium,0.001,306.6,8000,The Curlew Field  Bl,Medium,0.1,2,6,No,0.2,0.423,0.65,0.1,0.237,0.9,0.12,0.33,0.65,-,-,-,-,-,-,-,-,-,Kimmeridgian Claystone,Valhall Formation,High,High,GPT Pressure Cells,Medium,High,IHS Database,Low,High,IHS Database,Medium,Medium,Interpreted Horizons,Medium,Low,Interpreted Horizons,Low,Medium,Interpreted Horizons,Medium,Low,High,GPT Pressure Cells,115,High,Medium,The Millenium Atlas ,-,Medium,Medium,The Fulmar Field  Bl,43,Unknown,Unknown,ARC GIS UNIT Shape F,4,Medium,Low,The Millenium Atlas ,Low,Low,IHS Database,Medium,Medium,The Curlew Field  Bl,Low,High,Hydrocarbon Shapefil,Low,High,IHS Database,Medium,High,IHS Database,High,Medium,United Kingdom Oil a,Not Selected,Low,Low,United Kingdom Oil a,Unknown,Unknown,-,Not Selected,Low,High,Jurassic of the CNS/ NNS,Low,High,The Curlew Field  Bl,Medium,Medium,The Curlew Field  Bl,Medium,Medium,The Curlew Field  Bl,Low,High,ARC GIS UNIT Shape F,-,-,-,0,0,0,0,0,0,0,4,9,13,IHS Database,-,-,-,-,-,-,-,-,-,-,-,Unknown,-,-,-,-,-,-,-,Unknown,-,-,Unknown,-,-,-,-,-,-,-,-,-,-,-,-,-,-,-,18746.73,2665.785006,0.062391681109185,0.76404287114307,0.078175114067034,36.5888875,0,0,-,76.25741957,73.21866957,67.96125,74.73804457,171.80976937931,39.497931034483,7.4927392244387,0.000467907253788,0.21309346809617,0,0.00034444225783359,0.00055503530019744,0.00093219495287477,-,-,-,-,-,-,-,-,-,-,-,-,-,548.15,71,67.96125,89.58168,86.392549310345,20.3,-,-,0,0,0,0,0,0,-,-,-,-,-,-,-,-,-,-,-,-,-,-,-,-,-,-,-,-,-,-,-,-,-,-,-,-,-,-,-,-,-,-,-,-,-,-,-,-,-,-,-,-,-,-,-,-,-,-,-,-,-,-,-,-,-,-,-,-,-,-,-,-,-,-,-,-,-,-,-,-,-,-,-,-,-,-,-,-,-,-,-,-,-,-,-,-,-,-,-,-,-,-,-,-,-,-,-,-,-,-,-,-,-,-,-,-,-,-,-,-,-,-,-,-,-,-,-,-,-,-,-,-,-,-,-,-,-,-,-,-,-,-,-,-,-,-,-,-,
88,88.000,88000,Saline Aquifer,Mid/Upper Jurassic,Humber Group,Fulmar Formation,-,-,-,Central North Sea,Fully Confined (closed box),56.642589,1.130004,Fulmar_029_11,89,93.33,101,0,839.79,933.1,1026.41,ARC GIS UNIT Shape F,Medium,18.85,23.25,27.65,IHS Database,Medium,1304,IHS Database,Medium,1,1,1,BGS Shapefiles,Medium,0.4,0.79,0.96,The Curlew Field  Bl,Medium,0.05,0.18,0.27,The Curlew Field  Bl,Medium,-,-,-,1,2142,2145,2148,IHS Database,Medium,2317.14,2548.13,2779.11,IHS Database,Medium,76.64,87.36,98.09,The Millenium Atlas ,Medium,28.5,30.2,31.9,44.7,45.8,47,33.84075,40.8765,48.33,Not Selected,GPT Pressure Cells,High,63935.01,Judgement/Analogue,Medium,0.001,306.6,8000,The Curlew Field  Bl,Medium,0.1,2,6,No,0.2,0.423,0.65,0.1,0.237,0.9,0.12,0.33,0.65,-,-,-,-,-,-,-,-,-,Kimmeridgian Claystone,Valhall Formation,Low,High,GPT Pressure Cells,Medium,High,IHS Database,Low,High,IHS Database,Medium,Medium,Interpreted Horizons,Medium,Medium,Interpreted Horizons,Medium,Medium,Interpreted Horizons,Medium,Low,High,GPT Pressure Cells,115,Medium,Medium,The Millenium Atlas ,-,Medium,Medium,The Fulmar Field  Bl,59,Unknown,Unknown,ARC GIS UNIT Shape F,1.4,Medium,Low,The Millenium Atlas ,Low,Medium,IHS Database,Medium,Medium,The Curlew Field  Bl,Low,High,Hydrocarbon Shapefil,Low,High,IHS Database,Medium,High,IHS Database,High,Medium,United Kingdom Oil a,Not Selected,Low,Low,United Kingdom Oil a,Unknown,Unknown,-,Not Selected,Low,High,Jurassic of the CNS/ NNS,Low,High,The Curlew Field  Bl,Medium,Medium,The Curlew Field  Bl,Medium,Medium,The Curlew Field  Bl,Low,High,ARC GIS UNIT Shape F,-,-,-,0,0,0,0,0,0,0,0,11,11,IHS Database,-,-,-,-,-,-,-,-,-,-,-,Unknown,-,-,-,-,-,-,-,Unknown,-,-,Unknown,-,-,-,-,-,-,-,-,-,-,-,-,-,-,-,21694.575,3084.968565,0.024916943521595,0.75550788560097,0.069878147528351,21.6913555,2479.9379608725,14.307348383718,-,34.257866267,40.846716267,36.78885,37.552291267,102.27487030303,36.997668997669,7.409039181723,0.00037662971362154,0.3248320656963,6.58885,0.00034444225783359,0.00055503530019744,0.00093219495287477,-,-,-,-,-,-,-,-,-,-,-,-,-,933.1,30.2,36.78885,54.407624242424,48.558804636364,20.3,-,-,25,13,5,25,13,5,-,-,-,-,-,-,-,-,-,-,-,-,-,-,-,-,-,-,-,-,-,-,-,-,-,-,-,-,-,-,-,-,-,-,-,-,-,-,-,-,-,-,-,-,-,-,-,-,-,-,-,-,-,-,-,-,-,-,-,-,-,-,-,-,-,-,-,-,-,-,-,-,-,-,-,-,-,-,-,-,-,-,-,-,-,-,-,-,-,-,-,-,-,-,-,-,-,-,-,-,-,-,-,-,-,-,-,-,-,-,-,-,-,-,-,-,-,-,-,-,-,-,-,-,-,-,-,-,-,-,-,-,-,-,-,-,-,-,-,-,
89,89.000,89000,Saline Aquifer,Mid/Upper Jurassic,Humber Group,Fulmar Formation,-,-,-,Central North Sea,Fully Confined (closed box),56.739091,2.009086,Fulmar_030_06,80,88.79,96,0,880.04,977.82,1075.6,ARC GIS UNIT Shape F,Medium,119.77,145.7,171.63,IHS Database,High,608,IHS Database,Medium,1,1,1,BGS Shapefiles,Medium,0.85,0.94,1,The Fulmar Field  Bl,Medium,0.17,0.23,0.28,The Fulmar Field  Bl,Medium,-,-,-,1,3643,4134,4137,IHS Database,Medium,4429.95,4487.25,4544.55,IHS Database,Medium,140.55,165.09,181.62,The Millenium Atlas ,Medium,81.3,83,84.7,88.9,91.2,93.5,62.547375,90.315,93.0825,Not Selected,GPT Pressure Cells,High,78994.65,Judgement/Analogue,Medium,10,500,2000,The Fulmar Field  Bl,Medium,0.1,2,6,No,0.2,0.423,0.65,0.1,0.237,0.9,0.12,0.33,0.65,-,-,-,-,-,-,-,-,-,Heather Formation,Kimmeridgian Claystone,High,High,GPT Pressure Cells,Medium,High,IHS Database,Medium,High,IHS Database,Medium,Medium,Interpreted Horizons,Medium,Medium,Interpreted Horizons,Medium,Medium,Interpreted Horizons,Medium,Low,High,GPT Pressure Cells,115,High,Medium,The Millenium Atlas ,-,Medium,Medium,The Fulmar Field  Bl,40,Unknown,Unknown,ARC GIS UNIT Shape F,4.9,Medium,Low,The Millenium Atlas ,Low,Medium,IHS Database,Medium,Low,The Curlew Field  Bl,Low,Medium,Hydrocarbon Shapefil,Low,High,IHS Database,High,High,IHS Database,Medium,Medium,HPHT reservoir evolu,Not Selected,Low,Low,Judgement/Analogue,Unknown,Unknown,-,Not Selected,Low,High,Jurassic of the CNS/ NNS,Low,High,The Fulmar Field  Bl,Medium,Medium,Judy Field  rejuvena,Low,Medium,The Fulmar Field  Bl,Low,High,ARC GIS UNIT Shape F,-,-,-,0,0,0,0,1,0,0,5,27,33,IHS Database,-,-,-,-,-,-,-,-,-,-,-,Unknown,-,-,-,-,-,-,-,Unknown,-,-,Unknown,-,-,-,-,-,-,-,-,-,-,-,-,-,-,-,142468.374,30801.6624588,0.1490049293326,0.79706527416293,0.084241570515253,41.7124306,0,0,-,86.555779175,84.839279175,81.2835,85.697529175,178.51332910015,37.999516207063,7.8165800241336,0.00046970429167295,0.20961673114958,0,0.00031612370376059,0.00049828780618077,0.00081462233874237,-,-,-,-,-,-,-,-,-,-,-,-,-,977.82,83,81.2835,98.993033381713,98.032410195936,20.3,-,-,0,0,0,0,0,0,-,-,-,-,-,-,-,-,-,-,-,-,-,-,-,-,-,-,-,-,-,-,-,-,-,-,-,-,-,-,-,-,-,-,-,-,-,-,-,-,-,-,-,-,-,-,-,-,-,-,-,-,-,-,-,-,-,-,-,-,-,-,-,-,-,-,-,-,-,-,-,-,-,-,-,-,-,-,-,-,-,-,-,-,-,-,-,-,-,-,-,-,-,-,-,-,-,-,-,-,-,-,-,-,-,-,-,-,-,-,-,-,-,-,-,-,-,-,-,-,-,-,-,-,-,-,-,-,-,-,-,-,-,-,-,-,-,-,-,-,
90,90.000,90000,Saline Aquifer,Mid/Upper Jurassic,Humber Group,Fulmar Formation,-,-,-,Central North Sea,Fully Confined (closed box),56.877812,0.821726,Fulmar_028_05,88,92.83,95,0,418.33,464.81,511.29,ARC GIS UNIT Shape F,Medium,32,57.5,83,IHS Database,Medium,214,IHS Database,Medium,1,1,1,BGS Shapefiles,Medium,0.4,0.79,0.96,The Curlew Field  Bl,Medium,0.05,0.18,0.27,The Curlew Field  Bl,Medium,-,-,-,1,2020,2023,2026,IHS Database,Medium,2054.75,2164.75,2274.75,IHS Database,Medium,72.73,82.85,92.96,The Millenium Atlas ,Medium,29.3,30,30.7,41.2,42.3,43.3,31.5075,38.2291,45.585,Not Selected,GPT Pressure Cells,High,60510.29,Judgement/Analogue,Medium,0.001,306.6,8000,The Curlew Field  Bl,Medium,0.1,2,6,No,0.2,0.423,0.65,0.1,0.237,0.9,0.12,0.33,0.65,-,-,-,-,-,-,-,-,-,Kimmeridgian Claystone,Valhall Formation,Low,High,GPT Pressure Cells,Medium,High,IHS Database,Low,High,IHS Database,Medium,Medium,Interpreted Horizons,Medium,Low,Interpreted Horizons,Medium,Medium,Interpreted Horizons,Medium,Low,High,GPT Pressure Cells,93,Medium,Medium,The Millenium Atlas ,-,Medium,Medium,The Fulmar Field  Bl,241,Unknown,Unknown,ARC GIS UNIT Shape F,1.4,Low,Low,The Millenium Atlas ,Low,Medium,IHS Database,Medium,Medium,The Curlew Field  Bl,Low,High,Hydrocarbon Shapefil,Low,High,IHS Database,Medium,High,IHS Database,High,Low,United Kingdom Oil a,Not Selected,Low,Low,United Kingdom Oil a,Unknown,Unknown,-,Not Selected,Low,High,Jurassic of the CNS/ NNS,Low,High,The Curlew Field  Bl,Medium,Medium,The Curlew Field  Bl,Medium,Medium,The Curlew Field  Bl,Low,High,ARC GIS UNIT Shape F,-,-,-,0,0,0,0,0,0,0,0,7,7,IHS Database,-,-,-,-,-,-,-,-,-,-,-,Unknown,-,-,-,-,-,-,-,Unknown,-,-,Unknown,-,-,-,-,-,-,-,-,-,-,-,-,-,-,-,26726.575,3800.518965,0.12370646070437,0.76560455095371,0.072765936342914,20.4633157,1722.6174906985,11.832627196002,-,31.426841325,35.833031325,34.40619,33.629936325,88.094679930796,36.999505684627,7.5080541498377,0.00036789849897721,0.37162781918855,4.40619,0.00034444225783359,0.00055503530019744,0.00093219495287477,-,-,-,-,-,-,-,-,-,-,-,-,-,464.81,30,34.40619,45.26392733564,40.907782612457,20.3,-,-,24,10,3,24,10,3,-,-,-,-,-,-,-,-,-,-,-,-,-,-,-,-,-,-,-,-,-,-,-,-,-,-,-,-,-,-,-,-,-,-,-,-,-,-,-,-,-,-,-,-,-,-,-,-,-,-,-,-,-,-,-,-,-,-,-,-,-,-,-,-,-,-,-,-,-,-,-,-,-,-,-,-,-,-,-,-,-,-,-,-,-,-,-,-,-,-,-,-,-,-,-,-,-,-,-,-,-,-,-,-,-,-,-,-,-,-,-,-,-,-,-,-,-,-,-,-,-,-,-,-,-,-,-,-,-,-,-,-,-,-,-,-,-,-,-,-,
91,91.000,91000,Saline Aquifer,Mid/Upper Jurassic,Humber Group,Fulmar Formation,-,-,-,Central North Sea,Fully Confined (closed box),56.914028,1.510458,Fulmar_028_03,90,96.13,101,0,152.2,169.11,186.02,ARC GIS UNIT Shape F,Medium,6,57.5,109,IHS Database,Medium,227,IHS Database,Medium,1,1,1,BGS Shapefiles,Medium,0.4,0.79,0.96,The Curlew Field  Bl,Medium,0.05,0.18,0.27,The Curlew Field  Bl,Medium,-,-,-,1,3958,3961,3964,IHS Database,Medium,4550.34,4638.75,4727.16,IHS Database,Medium,146.63,154.55,162.47,The Millenium Atlas ,Medium,86.4,88.1,89.9,84.4,86.6,88.8,68.57175,86.7013,89.19,Not Selected,GPT Pressure Cells,High,63476.79,Judgement/Analogue,Medium,0.001,306.6,8000,The Curlew Field  Bl,Medium,0.1,2,6,No,0.2,0.423,0.65,0.1,0.237,0.9,0.12,0.33,0.65,-,-,-,-,-,-,-,-,-,Kimmeridgian Claystone,Valhall Formation,High,High,GPT Pressure Cells,Medium,High,IHS Database,Low,High,IHS Database,Medium,Medium,Interpreted Horizons,Medium,Low,Interpreted Horizons,Low,Medium,Interpreted Horizons,Medium,Low,High,GPT Pressure Cells,115,High,Medium,The Millenium Atlas ,-,Medium,Medium,The Fulmar Field  Bl,53,Unknown,Unknown,ARC GIS UNIT Shape F,7.1,High,High,The Millenium Atlas ,Low,Medium,IHS Database,Medium,Medium,The Curlew Field  Bl,Low,Low,Hydrocarbon Shapefil,Low,High,IHS Database,High,High,IHS Database,Unknown,Unknown,-,Not Selected,Unknown,Unknown,-,Unknown,Unknown,-,Not Selected,Low,High,Jurassic of the CNS/ NNS,Low,High,The Curlew Field  Bl,Medium,Medium,The Curlew Field  Bl,Medium,Medium,The Curlew Field  Bl,Low,High,ARC GIS UNIT Shape F,-,-,-,0,0,0,0,0,0,0,1,4,5,IHS Database,-,-,-,-,-,-,-,-,-,-,-,Unknown,-,-,-,-,-,-,-,Unknown,-,-,Unknown,-,-,-,-,-,-,-,-,-,-,-,-,-,-,-,9723.825,1382.727915,0.34001537460824,0.79486512458318,0.086828411617632,39.9710299,0,0,-,94.922163725,84.762163725,77.94,89.842163725,179.62555225953,36.998232769503,7.7950038172498,0.00049072065647121,0.20189312544467,0,0.00034444225783359,0.00055503530019744,0.00093219495287477,-,-,-,-,-,-,-,-,-,-,-,-,-,169.11,88.1,77.94,101.4177606665,101.53639368215,20.3,-,-,0,0,0,0,0,0,-,-,-,-,-,-,-,-,-,-,-,-,-,-,-,-,-,-,-,-,-,-,-,-,-,-,-,-,-,-,-,-,-,-,-,-,-,-,-,-,-,-,-,-,-,-,-,-,-,-,-,-,-,-,-,-,-,-,-,-,-,-,-,-,-,-,-,-,-,-,-,-,-,-,-,-,-,-,-,-,-,-,-,-,-,-,-,-,-,-,-,-,-,-,-,-,-,-,-,-,-,-,-,-,-,-,-,-,-,-,-,-,-,-,-,-,-,-,-,-,-,-,-,-,-,-,-,-,-,-,-,-,-,-,-,-,-,-,-,-,
92,92.000,92000,Saline Aquifer,Mid/Upper Jurassic,Humber Group,Fulmar Formation,-,-,-,Central North Sea,Fully Confined (closed box),57.000842,0.942655,Fulmar_021_30,70,92.98,122,0,247.35,274.83,302.31,ARC GIS UNIT Shape F,Medium,27,28,29,IHS Database,Medium,680,IHS Database,Medium,1,1,1,BGS Shapefiles,Medium,0.4,0.79,0.96,The Curlew Field  Bl,Medium,0.05,0.18,0.27,The Curlew Field  Bl,Medium,-,-,-,1,2023,2402,2405,IHS Database,Medium,2343.95,2759,3174.05,IHS Database,Medium,92.07,100.47,108.88,The Millenium Atlas ,Medium,38,41.4,44.9,50.1,51.4,52.7,31.564875,46.4534,54.1125,Not Selected,GPT Pressure Cells,High,63166.28,Judgement/Analogue,Medium,0.001,306.6,8000,The Curlew Field  Bl,Medium,0.1,2,6,No,0.2,0.423,0.65,0.1,0.237,0.9,0.12,0.33,0.65,-,-,-,-,-,-,-,-,-,Heather Formation,Kimmeridgian Claystone,Low,High,GPT Pressure Cells,Medium,High,IHS Database,Medium,High,IHS Database,High,Medium,Interpreted Horizons,Medium,Low,Interpreted Horizons,Medium,Medium,Interpreted Horizons,Medium,Low,High,GPT Pressure Cells,115,High,Medium,The Millenium Atlas ,-,Medium,Medium,The Fulmar Field  Bl,13,Unknown,Unknown,ARC GIS UNIT Shape F,0.8,Low,Low,The Millenium Atlas ,Low,Medium,IHS Database,Medium,Medium,The Curlew Field  Bl,Low,High,Hydrocarbon Shapefil,Medium,High,IHS Database,Low,High,IHS Database,Low,High,Extensive albite dis,Yes,Low,Low,Judgement/Analogue,Unknown,Unknown,-,Not Selected,Low,High,Jurassic of the CNS/ NNS,Low,High,The Curlew Field  Bl,Medium,Medium,The Curlew Field  Bl,Medium,Medium,The Curlew Field  Bl,Low,High,ARC GIS UNIT Shape F,-,-,-,6,1,0,0,0,2,0,1,15,25,IHS Database,-,-,-,-,-,-,-,-,-,-,-,Unknown,-,-,-,-,-,-,-,Unknown,-,-,Unknown,-,-,-,-,-,-,-,-,-,-,-,-,-,-,-,7695.24,1094.263128,0.1018811629007,0.75112301959174,0.073642738977199,24.2782918,151.14106482746,0.31682097525602,-,44.9935263,45.4015863,41.80806,45.1975563,114.21345961699,38.497085761865,7.3660381162303,0.00038958454159037,0.29291184196891,0.40806000000001,0.00034444225783359,0.00055503530019744,0.00093219495287477,-,-,-,-,-,-,-,-,-,-,-,-,-,274.83,41.4,41.80806,59.039383846794,53.357589758535,20.3,-,-,2,0,0,2,0,0,-,-,-,-,-,-,-,-,-,-,-,-,-,-,-,-,-,-,-,-,-,-,-,-,-,-,-,-,-,-,-,-,-,-,-,-,-,-,-,-,-,-,-,-,-,-,-,-,-,-,-,-,-,-,-,-,-,-,-,-,-,-,-,-,-,-,-,-,-,-,-,-,-,-,-,-,-,-,-,-,-,-,-,-,-,-,-,-,-,-,-,-,-,-,-,-,-,-,-,-,-,-,-,-,-,-,-,-,-,-,-,-,-,-,-,-,-,-,-,-,-,-,-,-,-,-,-,-,-,-,-,-,-,-,-,-,-,-,-,-,
93,93.000,93000,Saline Aquifer,Mid/Upper Jurassic,Humber Group,Fulmar Formation,-,-,-,Central North Sea,Fully Confined (closed box),57.023636,0.586666,Fulmar_021_28,76,88.5,94,0,323.62,359.58,395.54,ARC GIS UNIT Shape F,Medium,12,23,34,IHS Database,Medium,236,IHS Database,Medium,1,1,1,BGS Shapefiles,Medium,0.4,0.79,0.96,The Curlew Field  Bl,Medium,0.05,0.18,0.27,The Curlew Field  Bl,Medium,-,-,-,1,1776,2034,2037,IHS Database,Medium,2048.99,2167.5,2286.01,IHS Database,Medium,79.19,86.3,93.42,The Millenium Atlas ,Medium,27.4,29.1,30.8,41.7,42.8,43.9,26.841,38.4678,45.8325,Not Selected,GPT Pressure Cells,High,64231.68,Judgement/Analogue,Medium,0.001,306.6,8000,The Curlew Field  Bl,Medium,0.1,2,6,No,0.2,0.423,0.65,0.1,0.237,0.9,0.12,0.33,0.65,-,-,-,-,-,-,-,-,-,Heather Formation,Kimmeridgian Claystone,Low,High,GPT Pressure Cells,Medium,High,IHS Database,Medium,High,IHS Database,Medium,Medium,Interpreted Horizons,Medium,Low,Interpreted Horizons,Medium,Medium,Interpreted Horizons,Medium,Low,High,GPT Pressure Cells,93,Medium,Medium,The Millenium Atlas ,-,Medium,Medium,The Fulmar Field  Bl,74,Unknown,Unknown,ARC GIS UNIT Shape F,1.5,Medium,Low,The Millenium Atlas ,Low,Medium,IHS Database,Unknown,Unknown,-,Medium,Low,Hydrocarbon Shapefil,Low,High,IHS Database,High,High,IHS Database,Low,High,Extensive albite dis,Yes,Low,Low,Judgement/Analogue,Unknown,Unknown,-,Not Selected,Low,High,Jurassic of the CNS/ NNS,Low,High,The Curlew Field  Bl,Medium,Medium,The Curlew Field  Bl,Medium,Medium,The Curlew Field  Bl,Low,High,ARC GIS UNIT Shape F,-,-,-,0,0,0,0,0,0,0,0,8,8,IHS Database,-,-,-,-,-,-,-,-,-,-,-,Unknown,-,-,-,-,-,-,-,Unknown,-,-,Unknown,-,-,-,-,-,-,-,-,-,-,-,-,-,-,-,8270.34,1176.042348,0.063963512987374,0.75443092773277,0.069844339748422,20.5740406,2069.7960587296,4.5275744152775,-,30.44379765,35.96481765,34.62102,33.20430765,91.439159292035,38.495575221239,7.3984777789969,0.00036924528861133,0.36132180233846,5.52102,0.00034444225783359,0.00055503530019744,0.00093219495287477,-,-,-,-,-,-,-,-,-,-,-,-,-,359.58,29.1,34.62102,45.609144542773,40.992603982301,20.3,-,-,8,3,0,8,3,0,-,-,-,-,-,-,-,-,-,-,-,-,-,-,-,-,-,-,-,-,-,-,-,-,-,-,-,-,-,-,-,-,-,-,-,-,-,-,-,-,-,-,-,-,-,-,-,-,-,-,-,-,-,-,-,-,-,-,-,-,-,-,-,-,-,-,-,-,-,-,-,-,-,-,-,-,-,-,-,-,-,-,-,-,-,-,-,-,-,-,-,-,-,-,-,-,-,-,-,-,-,-,-,-,-,-,-,-,-,-,-,-,-,-,-,-,-,-,-,-,-,-,-,-,-,-,-,-,-,-,-,-,-,-,-,-,-,-,-,-,
94,94.000,94000,Saline Aquifer,Mid/Upper Jurassic,Humber Group,Fulmar Formation,-,-,-,Central North Sea,Fully Confined (closed box),56.997199,1.704686,Fulmar_029_04,90,93.44,101,0,476.87,529.86,582.85,ARC GIS UNIT Shape F,Medium,113.48,232.39,351.31,IHS Database,Medium,774,IHS Database,Medium,1,1,1,BGS Shapefiles,Medium,0.5,0.67,0.83,The Elgin and Frankl,High,0.15,0.17,0.19,The Elgin and Frankl,High,-,-,-,1,3524,4104,4107,IHS Database,Medium,5237.38,5440.1,5642.81,IHS Database,Medium,151.64,157.79,163.95,The Millenium Atlas ,Medium,96.5,97.8,99.2,86.6,88.8,91,60.2715,89.64,92.4075,Not Selected,GPT Pressure Cells,High,56567.12,Judgement/Analogue,Medium,10,17.5,25,The Elgin and Frankl,High,0.1,2,6,No,0.2,0.423,0.65,0.1,0.237,0.9,0.12,0.33,0.65,-,-,-,-,-,-,-,-,-,Kimmeridgian Claystone,Cromer Knoll Group,High,High,GPT Pressure Cells,Medium,High,IHS Database,Low,High,IHS Database,High,High,Interpreted Horizons,Medium,Medium,Interpreted Horizons,Medium,High,Interpreted Horizons,Medium,Low,High,GPT Pressure Cells,133,High,Low,The Millenium Atlas ,-,Medium,Medium,The Fulmar Field  Bl,134,Medium,Medium,ARC GIS UNIT Shape F,5.2,High,Medium,The Millenium Atlas ,Low,Medium,IHS Database,Unknown,Unknown,-,High,High,Hydrocarbon Shapefil,Medium,High,IHS Database,Low,High,IHS Database,Medium,High,Petroleum geology of,Yes,Low,High,Petroleum geology of,Unknown,Unknown,-,Not Selected,Low,High,Jurassic of the CNS/ NNS,Low,High,The Elgin and Frankl,Medium,Medium,The Elgin and Frankl,Medium,Medium,The Elgin and Frankl,Low,High,ARC GIS UNIT Shape F,-,-,-,0,1,0,0,12,0,0,2,13,28,IHS Database,-,-,-,-,-,-,-,-,-,-,-,Unknown,-,-,-,-,-,-,-,Unknown,-,-,Unknown,-,-,-,-,-,-,-,-,-,-,-,-,-,-,-,123134.1654,14024.98143906,0.43858755142868,0.7806451966575,0.086396713643374,41.4104536,0,0,-,111.24904899,93.36904899,79.92,102.30904899,206.55569663743,36.498538011696,7.6555532500611,0.00057227140493622,0.17979548423051,0,0.00035140236632952,0.00056917128547056,0.00096196599068971,-,-,-,-,-,-,-,-,-,-,-,-,-,529.86,97.8,79.92,117.70976608187,118.82323684211,20.3,-,-,0,0,0,0,0,0,-,-,-,-,-,-,-,-,-,-,-,-,-,-,-,-,-,-,-,-,-,-,-,-,-,-,-,-,-,-,-,-,-,-,-,-,-,-,-,-,-,-,-,-,-,-,-,-,-,-,-,-,-,-,-,-,-,-,-,-,-,-,-,-,-,-,-,-,-,-,-,-,-,-,-,-,-,-,-,-,-,-,-,-,-,-,-,-,-,-,-,-,-,-,-,-,-,-,-,-,-,-,-,-,-,-,-,-,-,-,-,-,-,-,-,-,-,-,-,-,-,-,-,-,-,-,-,-,-,-,-,-,-,-,-,-,-,-,-,-,
95,95.000,95000,Saline Aquifer,Mid/Upper Jurassic,Fladen Group,Hugin Formation,-,-,-,Northern North Sea,Fully Confined (closed box),59.803113,1.923522,Hugin_009_09,105,108.7,112,0,192.6,214,235.4,ARC GIS UNIT Shape F,Medium,139,215.5,292,IHS Database,Low,927.77,IHS Database,Medium,1,1,1,BGS Shapefiles,Medium,0.72,0.8,0.88,The Maureen Field  B,Medium,0.18,0.2,0.22,The Maureen Field  B,Medium,-,-,-,1,2668,4392.83,6117.66,IHS Database,Medium,5058.93,5564.75,6070.57,IHS Database,Low,125.44,139.1,152.77,The Millenium Atlas ,Low,69.37,71.87,74.37,94.58,97.01,99.43,43.9005,96.138675,137.64735,Not Selected,GPT Pressure Cells,High,65898.25,Judgement/Analogue,Medium,5,75,150,The Maureen Field  B,Medium,0.1,2,6,No,0.2,0.423,0.65,0.1,0.237,0.9,0.12,0.33,0.65,-,-,-,-,-,-,-,-,-,Heather Formation,Kimmeridge Clay Formation,Low,High,GPT Pressure Cells,Medium,High,IHS Database,Medium,High,IHS Database,High,Medium,Interpreted Horizons,Medium,Low,Interpreted Horizons,Medium,Medium,Interpreted Horizons,Low,Low,High,GPT Pressure Cells,35,Medium,Medium,The Millenium Atlas ,-,Medium,Medium,The Maureen Field  B,302,Low,Medium,ARC GIS UNIT Shape F,3.6,Medium,Medium,The Millenium Atlas ,Low,Low,IHS Database,Unknown,Unknown,-,Low,High,Hydrocarbon Shapefil,Low,High,IHS Database,High,High,IHS Database,Medium,High,United Kingdom Oil a,Yes,Low,Low,Judgement/Analogue,Unknown,Unknown,-,Not Selected,Low,Medium,Jurassic of the CNS/ NNS,Low,Medium,The Maureen Field  B,Medium,Medium,The Maureen Field  B,Low,Medium,The Maureen Field  B,High,High,ARC GIS UNIT Shape F,-,-,-,0,0,0,0,0,0,0,0,5,5,IHS Database,-,-,-,-,-,-,-,-,-,-,-,Unknown,-,-,-,-,-,-,-,Unknown,-,-,Unknown,-,-,-,-,-,-,-,-,-,-,-,-,-,-,-,46117,7378.72,1.0070093457944,0.84759405439755,0.089790659021443,44.317787497,8356.0341113156,90.255648627751,-,83.666429528,98.321237028,86.5248075,90.993833278,174.0748822513,29.844086841512,8.3121006132605,0.00045485659598729,0.20900150120196,14.6548075,0.0003319718859348,0.00052989193460979,0.00087971121259128,-,-,-,-,-,-,-,-,-,-,-,-,-,214,71.87,86.5248075,122.89034574523,121.78656850055,20.3,-,-,122,64,0,122,64,0,-,-,-,-,-,-,-,-,-,-,-,-,-,-,-,-,-,-,-,-,-,-,-,-,-,-,-,-,-,-,-,-,-,-,-,-,-,-,-,-,-,-,-,-,-,-,-,-,-,-,-,-,-,-,-,-,-,-,-,-,-,-,-,-,-,-,-,-,-,-,-,-,-,-,-,-,-,-,-,-,-,-,-,-,-,-,-,-,-,-,-,-,-,-,-,-,-,-,-,-,-,-,-,-,-,-,-,-,-,-,-,-,-,-,-,-,-,-,-,-,-,-,-,-,-,-,-,-,-,-,-,-,-,-,-,-,-,-,-,-,
96,96.000,96000,Saline Aquifer,Mid/Upper Jurassic,Humber Group,Fulmar Formation,-,-,-,Central North Sea,Fully Confined (closed box),56.980077,1.208603,Fulmar_029_02,85,90.91,97,0,533.64,592.93,652.22,ARC GIS UNIT Shape F,Medium,68,105,142,IHS Database,Low,523,IHS Database,Medium,1,1,1,BGS Shapefiles,Medium,0.4,0.79,0.96,The Curlew Field  Bl,Medium,0.05,0.18,0.27,The Curlew Field  Bl,Medium,-,-,-,1,2472,3768,3771,IHS Database,Medium,3895.9,4160,4424.1,IHS Database,Medium,139.88,149.3,158.72,The Millenium Atlas ,Medium,72.4,75.9,79.3,80.1,82.2,84.2,40.152,80.2744,84.8475,Not Selected,GPT Pressure Cells,High,71158.96,Judgement/Analogue,Medium,0.001,306.6,8000,The Curlew Field  Bl,Medium,0.1,2,6,No,0.2,0.423,0.65,0.1,0.237,0.9,0.12,0.33,0.65,-,-,-,-,-,-,-,-,-,Kimmeridgian Claystone,Valhall Formation,High,High,GPT Pressure Cells,Medium,High,IHS Database,Low,High,IHS Database,High,Medium,Interpreted Horizons,Medium,Low,Interpreted Horizons,Medium,Medium,Interpreted Horizons,Medium,Low,High,GPT Pressure Cells,115,High,Medium,The Millenium Atlas ,-,Medium,Medium,The Fulmar Field  Bl,130,Low,High,ARC GIS UNIT Shape F,1.67,Medium,High,The Millenium Atlas ,Low,Medium,IHS Database,Unknown,Unknown,-,Low,Medium,Hydrocarbon Shapefil,Medium,High,IHS Database,Low,High,IHS Database,Low,Medium,Extensive albite dis,Yes,Low,Low,Judgement/Analogue,Unknown,Unknown,-,Not Selected,Low,High,Jurassic of the CNS/ NNS,Low,High,The Curlew Field  Bl,Medium,Medium,The Curlew Field  Bl,Medium,Medium,The Curlew Field  Bl,Low,High,ARC GIS UNIT Shape F,-,-,-,18,1,2,0,1,1,0,3,16,42,IHS Database,-,-,-,-,-,-,-,-,-,-,-,Unknown,-,-,-,-,-,-,-,Unknown,-,-,Unknown,-,-,-,-,-,-,-,-,-,-,-,-,-,-,-,62257.65,8853.03783,0.17708667127654,0.7909098666944,0.0836075274912,38.0283112,0,0,-,79.8458328,76.1927928,72.24696,78.0193128,164,37.5,7.756215789712,0.00045121216917625,0.21943778863692,0,0.00034444225783359,0.00055503530019744,0.00093219495287477,-,-,-,-,-,-,-,-,-,-,-,-,-,592.93,75.9,72.24696,90.751592356688,88.625664543524,20.3,-,-,0,0,0,0,0,0,-,-,-,-,-,-,-,-,-,-,-,-,-,-,-,-,-,-,-,-,-,-,-,-,-,-,-,-,-,-,-,-,-,-,-,-,-,-,-,-,-,-,-,-,-,-,-,-,-,-,-,-,-,-,-,-,-,-,-,-,-,-,-,-,-,-,-,-,-,-,-,-,-,-,-,-,-,-,-,-,-,-,-,-,-,-,-,-,-,-,-,-,-,-,-,-,-,-,-,-,-,-,-,-,-,-,-,-,-,-,-,-,-,-,-,-,-,-,-,-,-,-,-,-,-,-,-,-,-,-,-,-,-,-,-,-,-,-,-,-,
97,97.000,97000,Saline Aquifer,Mid/Upper Jurassic,Humber Group,Fulmar Formation,-,-,-,Central North Sea,Fully Confined (closed box),57.175444,1.8305,Fulmar_022_25,89,92.78,115,0,130.07,144.52,158.97,ARC GIS UNIT Shape F,Medium,52.09,74.86,97.62,IHS Database,Low,811,IHS Database,Low,1,1,1,BGS Shapefiles,Medium,0.5,0.67,0.83,The Elgin and Frankl,Medium,0.15,0.17,0.19,The Elgin and Frankl,Medium,-,-,-,1,3954,4527,4530,IHS Database,Medium,4043.91,4544.43,5044.95,IHS Database,Low,145.5,157.37,169.24,The Millenium Atlas ,Low,85.2,86.9,88.7,96.6,99.1,101.6,68.49525,99.1575,101.925,Not Selected,GPT Pressure Cells,High,67417.51,Judgement/Analogue,Medium,10,17.5,25,The Elgin and Frankl,Medium,0.1,2,6,No,0.2,0.423,0.65,0.1,0.237,0.9,0.12,0.33,0.65,-,-,-,-,-,-,-,-,-,Heather Formation,Kimmeridgian Claystone,Medium,High,GPT Pressure Cells,Medium,High,IHS Database,Medium,High,IHS Database,Medium,Medium,Interpreted Horizons,Medium,Low,Interpreted Horizons,Medium,Medium,Interpreted Horizons,Medium,Low,High,GPT Pressure Cells,115,Medium,Medium,The Millenium Atlas ,-,Medium,Medium,The Fulmar Field  Bl,75,Low,High,ARC GIS UNIT Shape F,7,High,High,The Millenium Atlas ,Low,Low,IHS Database,Unknown,Unknown,-,Low,Low,Hydrocarbon Shapefil,High,High,IHS Database,Low,High,IHS Database,Medium,Medium,Petroleum geology of,Yes,Low,Medium,Petroleum geology of,Unknown,Unknown,-,Not Selected,Low,High,Jurassic of the CNS/ NNS,Low,High,The Elgin and Frankl,Medium,Medium,The Elgin and Frankl,Medium,Medium,The Elgin and Frankl,Low,High,ARC GIS UNIT Shape F,-,-,-,4,0,0,0,2,0,0,2,12,20,IHS Database,-,-,-,-,-,-,-,-,-,-,-,Unknown,-,-,-,-,-,-,-,Unknown,-,-,Unknown,-,-,-,-,-,-,-,-,-,-,-,-,-,-,-,10818.7672,1232.25758408,0.51799058953778,0.84821740651106,0.094280510885743,45.6683293,1310.3037552837,2.375200074472,-,87.075448637,89.365448637,89.19,88.220448637,157.94510914513,32.995361166335,8.318213640432,0.00042315851922232,0.2277385847789,2.29,0.00035140236632952,0.00056917128547056,0.00096196599068971,-,-,-,-,-,-,-,-,-,-,-,-,-,144.52,86.9,89.19,99.481557985421,99.539279373757,20.3,-,-,2,0,0,2,0,0,-,-,-,-,-,-,-,-,-,-,-,-,-,-,-,-,-,-,-,-,-,-,-,-,-,-,-,-,-,-,-,-,-,-,-,-,-,-,-,-,-,-,-,-,-,-,-,-,-,-,-,-,-,-,-,-,-,-,-,-,-,-,-,-,-,-,-,-,-,-,-,-,-,-,-,-,-,-,-,-,-,-,-,-,-,-,-,-,-,-,-,-,-,-,-,-,-,-,-,-,-,-,-,-,-,-,-,-,-,-,-,-,-,-,-,-,-,-,-,-,-,-,-,-,-,-,-,-,-,-,-,-,-,-,-,-,-,-,-,-,
98,98.000,98000,Saline Aquifer,Mid/Upper Jurassic,Humber Group,Fulmar Formation,-,-,-,Central North Sea,Fully Confined (closed box),57.026072,2.136221,Fulmar_023_26,61,86.7,99,0,1054.89,1172.09,1289.31,ARC GIS UNIT Shape F,Medium,105.6,126.8,148,IHS Database,High,1074,IHS Database,Medium,1,1,1,BGS Shapefiles,Medium,0.5,0.67,0.83,The Elgin and Frankl,High,0.15,0.17,0.19,The Elgin and Frankl,High,-,-,-,1,3329,4557,4560,IHS Database,Medium,4833.7,4919.31,5004.91,IHS Database,Medium,167.49,176.6,185.72,The Millenium Atlas ,Medium,94.1,97.6,101,97,99.5,101.9,56.542125,99.8325,102.6,Not Selected,GPT Pressure Cells,High,75353.4,Judgement/Analogue,Medium,10,17.5,25,The Elgin and Frankl,High,0.1,2,6,No,0.2,0.423,0.65,0.1,0.237,0.9,0.12,0.33,0.65,-,-,-,-,-,-,-,-,-,Heather Formation,Kimmeridgian Claystone,High,High,GPT Pressure Cells,Medium,High,IHS Database,Medium,High,IHS Database,Medium,Low,Interpreted Horizons,Medium,Low,Interpreted Horizons,Low,Medium,Interpreted Horizons,Medium,Low,High,GPT Pressure Cells,115,Medium,Medium,The Millenium Atlas ,-,Medium,Medium,The Fulmar Field  Bl,215,Low,Medium,ARC GIS UNIT Shape F,3.5,Medium,Medium,The Millenium Atlas ,Low,Medium,IHS Database,Unknown,Unknown,-,High,High,Hydrocarbon Shapefil,Medium,High,IHS Database,Low,High,IHS Database,Medium,Medium,Petroleum geology of,Yes,Low,Medium,Petroleum geology of,Unknown,Unknown,-,Not Selected,Low,High,Jurassic of the CNS/ NNS,Low,High,The Elgin and Frankl,Medium,Medium,The Elgin and Frankl,Medium,Medium,The Elgin and Frankl,High,High,ARC GIS UNIT Shape F,-,-,-,6,4,3,0,21,0,0,8,43,85,IHS Database,-,-,-,-,-,-,-,-,-,-,-,Unknown,-,-,-,-,-,-,-,Unknown,-,-,Unknown,-,-,-,-,-,-,-,-,-,-,-,-,-,-,-,148621.012,16927.9332668,0.10818281872552,0.80601456190647,0.088453724592394,45.9703063,0,0,-,101.246976229,93.196976229,89.55,97.221976229,190.00475444371,36.998025016458,7.9043430042482,0.00049462787206741,0.20021458493945,0,0.00035140236632952,0.00056917128547056,0.00096196599068971,-,-,-,-,-,-,-,-,-,-,-,-,-,1172.09,97.6,89.55,107.4108722844,107.76980811389,20.3,-,-,0,0,0,43,40,38,-,-,-,-,-,-,-,-,-,-,-,-,-,-,-,-,-,-,-,-,-,-,-,-,-,-,-,-,-,-,-,-,-,-,-,-,-,-,-,-,-,-,-,-,-,-,-,-,-,-,-,-,-,-,-,-,-,-,-,-,-,-,-,-,-,-,-,-,-,-,-,-,-,-,-,-,-,-,-,-,-,-,-,-,-,-,-,-,-,-,-,-,-,-,-,-,-,-,-,-,-,-,-,-,-,-,-,-,-,-,-,-,-,-,-,-,-,-,-,-,-,-,-,-,-,-,-,-,-,-,-,-,-,-,-,-,-,-,-,-,
99,99.000,99000,Saline Aquifer,Mid/Upper Jurassic,Humber Group,Fulmar Formation,-,-,-,Central North Sea,Fully Confined (closed box),57.15561,2.276334,Fulmar_023_27,83,88,110,0,159.19,176.88,194.57,ARC GIS UNIT Shape F,Medium,63.55,96.73,129.91,IHS Database,Low,594,IHS Database,Medium,1,1,1,BGS Shapefiles,Medium,0.5,0.67,0.83,The Elgin and Frankl,Medium,0.15,0.17,0.19,The Elgin and Frankl,Medium,-,-,-,1,3326,3329,3332,IHS Database,Medium,3643.01,3827.36,4011.71,IHS Database,Medium,134.5,141.16,147.81,The Millenium Atlas ,Medium,57.6,59.4,61.1,69.1,70.8,72.6,56.48475,66.5693,74.97,Not Selected,GPT Pressure Cells,High,80546.29,Judgement/Analogue,Medium,10,17.5,25,The Elgin and Frankl,Medium,0.1,2,6,No,0.2,0.423,0.65,0.1,0.237,0.9,0.12,0.33,0.65,-,-,-,-,-,-,-,-,-,Heather Formation,Kimmeridgian Claystone,Medium,High,GPT Pressure Cells,Medium,High,IHS Database,Medium,High,IHS Database,Medium,Medium,Interpreted Horizons,High,Medium,Interpreted Horizons,Medium,Medium,Interpreted Horizons,Medium,Low,High,GPT Pressure Cells,115,Medium,Medium,The Millenium Atlas ,-,Medium,Medium,The Fulmar Field  Bl,141,Unknown,Unknown,ARC GIS UNIT Shape F,2.2,Medium,Low,The Millenium Atlas ,Low,Medium,IHS Database,Unknown,Unknown,-,Low,High,Hydrocarbon Shapefil,High,High,IHS Database,Low,High,IHS Database,Medium,Low,Petroleum geology of,Yes,Low,Low,Petroleum geology of,Unknown,Unknown,-,Not Selected,Low,High,Jurassic of the CNS/ NNS,Low,High,The Elgin and Frankl,Medium,Medium,The Elgin and Frankl,Medium,Medium,The Elgin and Frankl,High,High,ARC GIS UNIT Shape F,-,-,-,9,1,4,0,0,0,0,1,12,27,IHS Database,-,-,-,-,-,-,-,-,-,-,-,Unknown,-,-,-,-,-,-,-,Unknown,-,-,Unknown,-,-,-,-,-,-,-,-,-,-,-,-,-,-,-,17109.6024,1948.78371336,0.54686793306196,0.74780454204223,0.073619360801498,33.6093811,187.51611234622,0.76010579949075,-,64.416441924,64.928811924,59.91237,64.672626924,161.0944,40,7.3334948024456,0.00044880723126317,0.22435964931116,0.51237,0.00035140236632952,0.00056917128547056,0.00096196599068971,-,-,-,-,-,-,-,-,-,-,-,-,-,176.88,59.4,59.91237,81.398945028537,76.534898182037,20.3,-,-,6,0,0,6,0,0,-,-,-,-,-,-,-,-,-,-,-,-,-,-,-,-,-,-,-,-,-,-,-,-,-,-,-,-,-,-,-,-,-,-,-,-,-,-,-,-,-,-,-,-,-,-,-,-,-,-,-,-,-,-,-,-,-,-,-,-,-,-,-,-,-,-,-,-,-,-,-,-,-,-,-,-,-,-,-,-,-,-,-,-,-,-,-,-,-,-,-,-,-,-,-,-,-,-,-,-,-,-,-,-,-,-,-,-,-,-,-,-,-,-,-,-,-,-,-,-,-,-,-,-,-,-,-,-,-,-,-,-,-,-,-,-,-,-,-,-,
100,100.000,100000,Saline Aquifer,Mid/Upper Jurassic,Humber Group,Fulmar Formation,-,-,-,Central North Sea,Fully Confined (closed box),57.182104,0.753223,Fulmar_021_29,84,90.67,116,0,236.41,262.68,288.95,ARC GIS UNIT Shape F,Medium,43.74,53.57,63.41,IHS Database,Medium,610,IHS Database,Medium,1,1,1,BGS Shapefiles,Medium,0.39,0.54,0.66,The Kittiwake Field ,Medium,0.16,0.23,0.3,The Kittiwake Field ,Medium,-,-,-,1,1776,2041,2044,IHS Database,Medium,2351.71,2428.5,2505.28,IHS Database,Medium,85.55,89.64,93.72,The Millenium Atlas ,Medium,34.3,35,35.7,41.6,42.6,43.7,26.841,38.6197,45.99,Not Selected,GPT Pressure Cells,High,60818.87,Judgement/Analogue,Medium,0.1,1600,3000,The Kittiwake Field ,Medium,0.1,2,6,No,0.2,0.423,0.65,0.1,0.237,0.9,0.12,0.33,0.65,-,-,-,-,-,-,-,-,-,Kimmeridgian Claystone,Cromer Knoll Group,Medium,High,GPT Pressure Cells,Medium,High,IHS Database,Low,High,IHS Database,High,Medium,Interpreted Horizons,Medium,Medium,Interpreted Horizons,Medium,Medium,Interpreted Horizons,Medium,Low,High,GPT Pressure Cells,93,Medium,Medium,The Millenium Atlas ,-,Medium,Medium,The Fulmar Field  Bl,41,Unknown,Unknown,ARC GIS UNIT Shape F,4.7,Medium,Low,The Millenium Atlas ,Low,Medium,IHS Database,Unknown,Unknown,-,Medium,Medium,Hydrocarbon Shapefil,High,High,IHS Database,Low,High,IHS Database,Low,High,Extensive albite dis,Not Selected,Low,Low,Judgement/Analogue,Unknown,Unknown,-,Not Selected,Low,High,Jurassic of the CNS/ NNS,Low,High,The Kittiwake Field ,Medium,Medium,The Elgin and Frankl,Medium,Medium,The Kittiwake Field ,Low,High,ARC GIS UNIT Shape F,-,-,-,20,1,4,0,0,1,0,7,27,60,IHS Database,-,-,-,-,-,-,-,-,-,-,-,Unknown,-,-,-,-,-,-,-,Unknown,-,-,Unknown,-,-,-,-,-,-,-,-,-,-,-,-,-,-,-,14071.7676,1747.71353592,0.20393634840871,0.7287433012074,0.0699925168456,20.6445019,0,0,-,38.90053625,38.65826625,34.75773,38.77940125,105.14,40,7.1465669319506,0.00038561228511376,0.3143044875921,0,0.00031612370376059,0.00049828780618077,0.00081462233874237,-,-,-,-,-,-,-,-,-,-,-,-,-,262.68,35,34.75773,50.687947084762,45.951955634493,20.3,-,-,3,0,0,3,0,0,-,-,-,-,-,-,-,-,-,-,-,-,-,-,-,-,-,-,-,-,-,-,-,-,-,-,-,-,-,-,-,-,-,-,-,-,-,-,-,-,-,-,-,-,-,-,-,-,-,-,-,-,-,-,-,-,-,-,-,-,-,-,-,-,-,-,-,-,-,-,-,-,-,-,-,-,-,-,-,-,-,-,-,-,-,-,-,-,-,-,-,-,-,-,-,-,-,-,-,-,-,-,-,-,-,-,-,-,-,-,-,-,-,-,-,-,-,-,-,-,-,-,-,-,-,-,-,-,-,-,-,-,-,-,-,-,-,-,-,-,
